player,position,team,Wk1,Wk2,Wk3,Wk4,Wk5,Wk6,Wk7,Wk8,Wk9,Wk10,Wk11,Wk12,Wk13,Wk14,Wk15,Wk16,Wk17,total,average
Aaron Rodgers ,QB,GB,46,77,69,76,81,71,bye,52,0, , , , , , , , ,472,67.4
Adrian Peterson ,RB,WAS,42,25,32,bye,13,37,34,41,0, , , , , , , , ,224,32.0
Alex Smith ,QB,WAS,79,74,61,bye,61,70,60,68,0, , , , , , , , ,473,67.6
Antonio Gates ,TE,LAC,33,11,22,23,23,16,13,bye,0, , , , , , , , ,141,20.1
Ben Roethlisberger ,QB,PIT,84,82,66,62,60,73,bye,70,0, , , , , , , , ,497,71.0
Benjamin Watson ,TE,NO,51,54,45,37,36,bye,36,14,0, , , , , , , , ,273,39.0
Brian Hoyer ,QB,NE,0,0,0,4,0,0,0,2,0, , , , , , , , ,6,3.0
Chase Daniel ,QB,CHI,0,0,0,3,bye,0,1,0,0, , , , , , , , ,4,2.0
Danny Amendola ,WR,MIA,45,44,31,42,53,75,55,65,0, , , , , , , , ,410,51.3
Darren Sproles ,RB,PHI,29,0,0,0,0,0,0,0,bye, , , , , , , , ,29,29.0
Darrius Heyward-Bey ,WR,PIT,1,6,4,5,0,0,bye,2,0, , , , , , , , ,18,3.6
Delanie Walker ,TE,TEN,39,0,0,0,0,0,0,bye,0, , , , , , , , ,39,39.0
Derek Anderson ,QB,BUF,0,0,0,0,0,0,56,62,0, , , , , , , , ,118,59.0
DeSean Jackson ,WR,TB,20,34,43,39,bye,34,43,46,0, , , , , , , , ,259,37.0
Drew Brees ,QB,NO,64,66,79,70,63,bye,71,53,0, , , , , , , , ,466,66.6
Eli Manning ,QB,NYG,71,68,62,62,56,65,64,70,bye, , , , , , , , ,518,64.8
Frank Gore ,RB,MIA,18,24,16,25,26,30,25,29,0, , , , , , , , ,193,24.1
Greg Olsen ,TE,CAR,16,0,0,bye,0,59,59,63,0, , , , , , , , ,197,49.3
Jared Cook ,TE,OAK,67,52,62,76,48,51,bye,31,0, , , , , , , , ,387,55.3
Joe Flacco ,QB,BAL,55,85,72,76,87,76,68,61,0, , , , , , , , ,580,72.5
Jonathan Stewart ,RB,NYG,10,5,2,0,0,0,0,0,bye, , , , , , , , ,17,5.7
Jordy Nelson ,WR,OAK,72,54,55,80,47,57,bye,45,0, , , , , , , , ,410,58.6
Julian Edelman ,WR,NE,0,0,0,0,48,71,63,73,0, , , , , , , , ,255,63.8
Larry Fitzgerald ,WR,ARI,52,26,48,52,42,49,64,66,bye, , , , , , , , ,399,49.9
LeSean McCoy ,RB,BUF,34,30,0,36,47,47,2,46,0, , , , , , , , ,242,34.6
Marcedes Lewis ,TE,GB,7,14,7,17,12,22,bye,12,0, , , , , , , , ,91,13.0
Marshawn Lynch ,RB,OAK,27,42,42,50,21,30,bye,0,0, , , , , , , , ,212,35.3
Matt Cassel ,QB,DET,7,0,0,0,0,bye,0,0,0, , , , , , , , ,7,7.0
Matt Ryan ,QB,ATL,70,62,68,70,64,67,65,bye,0, , , , , , , , ,466,66.6
Matt Schaub ,QB,ATL,0,1,0,0,8,0,0,bye,0, , , , , , , , ,9,4.5
Matt Slater ,WR,NE,0,0,0,3,2,1,0,2,0, , , , , , , , ,8,1.0
Matthew Stafford ,QB,DET,63,77,73,54,62,bye,64,59,0, , , , , , , , ,452,64.6
Michael Crabtree ,WR,BAL,53,73,52,48,72,41,48,45,0, , , , , , , , ,432,54.0
Mike Wallace ,WR,PHI,66,7,0,0,0,0,0,0,bye, , , , , , , , ,73,36.5
Philip Rivers ,QB,LAC,82,55,52,68,64,53,44,bye,0, , , , , , , , ,418,59.7
Pierre Garcon ,WR,SF,53,49,52,49,62,45,32,0,0, , , , , , , , ,342,48.9
Ryan Fitzpatrick ,QB,TB,66,58,74,28,bye,0,0,25,0, , , , , , , , ,251,50.2
Ted Ginn ,WR,NO,50,30,52,38,0,bye,0,0,0, , , , , , , , ,170,42.5
Tom Brady ,QB,NE,75,61,48,77,69,78,64,74,0, , , , , , , , ,546,68.3
Vernon Davis ,TE,WAS,47,27,37,bye,26,36,27,33,0, , , , , , , , ,233,33.3
Golden Tate ,WR,PHI,57,65,54,42,48,0,46,0,bye, , , , , , , , ,312,52.0
Jermaine Gresham ,TE,ARI,0,0,17,33,28,30,39,31,bye, , , , , , , , ,178,29.7
Demaryius Thomas ,WR,HOU,53,59,54,51,47,48,41,0,0, , , , , , , , ,353,50.4
Andre Roberts ,WR,NYJ,10,0,1,0,2,7,31,32,0, , , , , , , , ,83,11.9
Brandon LaFell ,WR,OAK,0,7,33,0,0,0,bye,46,0, , , , , , , , ,86,28.7
Ed Dickson ,TE,SEA,0,0,0,0,0,0,bye,20,0, , , , , , , , ,20,20.0
Emmanuel Sanders ,WR,DEN,64,54,60,54,73,56,43,59,0, , , , , , , , ,463,57.9
Jimmy Graham ,TE,GB,59,58,64,54,66,56,bye,46,0, , , , , , , , ,403,57.6
LeGarrette Blount ,RB,DET,13,17,26,14,18,bye,21,7,0, , , , , , , , ,116,16.6
Rob Gronkowski ,TE,NE,75,58,48,54,63,77,0,68,0, , , , , , , , ,443,63.3
Chris Ivory ,RB,BUF,7,9,54,22,18,16,36,19,0, , , , , , , , ,181,22.6
Antonio Brown ,WR,PIT,83,77,62,59,57,63,bye,70,0, , , , , , , , ,471,67.3
Logan Paulsen ,TE,ATL,19,29,21,29,19,37,27,bye,0, , , , , , , , ,181,25.9
A.J. Green ,WR,CIN,53,69,33,69,51,57,46,62,bye, , , , , , , , ,440,55.0
Blaine Gabbert ,QB,TEN,33,59,9,0,0,0,0,bye,0, , , , , , , , ,101,33.7
Julio Jones ,WR,ATL,57,48,54,54,53,51,49,bye,0, , , , , , , , ,366,52.3
Cam Newton ,QB,CAR,67,67,67,bye,71,60,59,62,0, , , , , , , , ,453,64.7
Mark Ingram ,RB,NO,0,0,0,0,36,bye,35,23,0, , , , , , , , ,94,31.3
Torrey Smith ,WR,CAR,51,58,44,bye,46,42,30,0,0, , , , , , , , ,271,45.2
Jacquizz Rodgers ,RB,TB,15,18,26,11,bye,10,30,33,0, , , , , , , , ,143,20.4
Randall Cobb ,WR,GB,52,71,65,0,0,0,bye,24,0, , , , , , , , ,212,53.0
Kyle Rudolph ,TE,MIN,59,63,64,60,54,60,56,63,0, , , , , , , , ,479,59.9
Andy Dalton ,QB,CIN,56,76,65,73,60,61,48,66,bye, , , , , , , , ,505,63.1
Lance Kendricks ,TE,GB,19,27,10,35,18,22,bye,17,0, , , , , , , , ,148,21.1
Stevan Ridley ,RB,PIT,0,3,5,0,12,6,bye,6,0, , , , , , , , ,32,5.3
Luke Stocker ,TE,TEN,25,36,32,25,32,20,30,bye,0, , , , , , , , ,200,28.6
Taiwan Jones ,RB,BUF,0,0,0,1,1,0,0,0,0, , , , , , , , ,2,0.3
Bilal Powell ,RB,NYJ,24,34,34,36,34,32,14,0,0, , , , , , , , ,208,29.7
Anthony Sherman ,RB,KC,17,13,8,4,5,2,11,4,0, , , , , , , , ,64,8.0
Dion Lewis ,RB,TEN,49,34,30,48,34,32,45,bye,0, , , , , , , , ,272,38.9
Niles Paul ,TE,JAC,17,9,11,28,35,3,0,0,bye, , , , , , , , ,103,17.2
Lee Smith ,TE,OAK,9,22,19,30,8,12,bye,15,0, , , , , , , , ,115,16.4
Charles Clay ,TE,BUF,40,43,40,43,49,44,39,41,0, , , , , , , , ,339,42.4
Dwayne Harris ,WR,OAK,0,0,2,4,0,4,bye,1,0, , , , , , , , ,11,1.8
Aldrick Robinson ,WR,MIN,0,0,8,8,15,6,8,17,0, , , , , , , , ,62,10.3
Tyrod Taylor ,QB,CLE,89,62,31,0,0,0,0,0,0, , , , , , , , ,182,60.7
Virgil Green ,TE,LAC,44,41,33,50,46,48,32,bye,0, , , , , , , , ,294,42.0
Terrelle Pryor ,WR,BUF,24,44,44,2,13,44,0,0,0, , , , , , , , ,171,28.5
Doug Baldwin ,WR,SEA,11,0,0,50,53,49,bye,54,0, , , , , , , , ,217,43.4
Andrew Luck ,QB,IND,82,61,58,91,83,69,58,78,bye, , , , , , , , ,580,72.5
Ryan Tannehill ,QB,MIA,62,60,44,36,64,0,0,0,0, , , , , , , , ,266,53.2
Brandon Weeden ,QB,HOU,0,0,0,0,0,0,0,1,0, , , , , , , , ,1,1.0
Nick Foles ,QB,PHI,72,79,0,0,0,0,0,0,bye, , , , , , , , ,151,75.5
Kirk Cousins ,QB,MIN,71,73,66,74,62,71,69,73,0, , , , , , , , ,559,69.9
Brock Osweiler ,QB,MIA,0,0,0,13,0,78,56,66,0, , , , , , , , ,213,53.3
Russell Wilson ,QB,SEA,57,66,69,66,60,65,bye,63,0, , , , , , , , ,446,63.7
Lamar Miller ,RB,HOU,57,51,52,46,0,41,45,34,0, , , , , , , , ,326,46.6
Doug Martin ,RB,OAK,10,16,13,6,6,6,bye,28,0, , , , , , , , ,85,12.1
Robert Turbin ,RB,IND,0,0,0,0,9,13,0,0,bye, , , , , , , , ,22,11.0
Michael Floyd ,WR,WAS,0,0,0,bye,9,7,30,9,0, , , , , , , , ,55,13.8
Alshon Jeffery ,WR,PHI,0,0,0,65,55,59,64,54,bye, , , , , , , , ,297,59.4
Mohamed Sanu ,WR,ATL,56,48,59,55,59,33,40,bye,0, , , , , , , , ,350,50.0
T.Y. Hilton ,WR,IND,80,55,59,43,0,0,35,64,bye, , , , , , , , ,336,56.0
Jarius Wright ,WR,CAR,31,44,26,bye,30,37,32,17,0, , , , , , , , ,217,31.0
Brian Quick ,WR,WAS,0,5,1,bye,12,11,31,0,0, , , , , , , , ,60,12.0
Travis Benjamin ,WR,LAC,47,0,0,5,0,0,5,bye,0, , , , , , , , ,57,19.0
Marvin Jones ,WR,DET,62,77,67,50,58,bye,56,57,0, , , , , , , , ,427,61.0
Dwayne Allen ,TE,NE,23,14,17,45,12,11,55,12,0, , , , , , , , ,189,23.6
Orson Charles ,TE,CLE,8,18,21,25,7,5,9,14,0, , , , , , , , ,107,13.4
Rhett Ellison ,TE,NYG,29,24,54,54,55,0,32,28,bye, , , , , , , , ,276,39.4
Alfred Morris ,RB,SF,34,31,23,14,44,1,20,11,0, , , , , , , , ,178,22.3
Rishard Matthews ,WR,NYJ,36,28,31,0,0,0,0,19,0, , , , , , , , ,114,28.5
Andre Holmes ,WR,BUF,11,36,31,27,33,33,38,35,0, , , , , , , , ,244,30.5
Derek Carrier ,TE,OAK,25,11,18,17,9,11,bye,12,0, , , , , , , , ,103,14.7
Case Keenum ,QB,DEN,74,66,68,60,77,65,59,73,0, , , , , , , , ,542,67.8
Rod Streater ,WR,CLE,0,0,0,5,18,0,0,0,0, , , , , , , , ,23,7.7
Deonte Thompson ,WR,DAL,30,23,27,29,36,7,15,bye,0, , , , , , , , ,167,23.9
Josh Gordon ,WR,NE,69,0,0,18,18,63,61,64,0, , , , , , , , ,293,48.8
Cole Beasley ,WR,DAL,43,30,42,38,37,42,53,bye,0, , , , , , , , ,285,40.7
Chris Hogan ,WR,NE,68,55,48,70,63,47,42,45,0, , , , , , , , ,438,54.8
Jamize Olawale ,RB,DAL,6,9,3,6,6,8,1,bye,0, , , , , , , , ,39,5.6
Garrett Celek ,TE,SF,23,30,19,17,26,17,20,23,0, , , , , , , , ,175,21.9
Jermaine Kearse ,WR,NYJ,0,20,34,48,39,59,64,52,0, , , , , , , , ,316,45.1
Josh Bellamy ,WR,CHI,2,2,18,9,bye,16,18,55,0, , , , , , , , ,120,17.1
Travis Kelce ,TE,KC,56,57,71,73,66,51,60,55,0, , , , , , , , ,489,61.1
Marquise Goodwin ,WR,SF,17,0,42,37,0,54,55,61,0, , , , , , , , ,266,44.3
Russell Shepard ,WR,NYG,3,6,1,51,32,0,0,2,bye, , , , , , , , ,95,15.8
DeAndre Hopkins ,WR,HOU,73,67,68,86,80,61,64,59,0, , , , , , , , ,558,69.8
Robert Woods ,WR,LAR,61,70,74,55,66,72,50,76,0, , , , , , , , ,524,65.5
Kenny Stills ,WR,MIA,59,56,40,38,60,67,49,0,0, , , , , , , , ,369,52.7
Cordarrelle Patterson ,WR,NE,16,28,19,41,8,6,6,13,0, , , , , , , , ,137,17.1
Keenan Allen ,WR,LAC,72,50,40,57,49,39,40,bye,0, , , , , , , , ,347,49.6
Tavon Austin ,WR,DAL,10,18,19,17,23,18,0,bye,0, , , , , , , , ,105,17.5
Justin Hunter ,WR,PIT,51,0,0,0,2,14,bye,38,0, , , , , , , , ,105,26.3
Terrance Williams ,WR,DAL,19,10,9,0,0,0,0,bye,0, , , , , , , , ,38,12.7
Spencer Ware ,RB,KC,9,6,18,24,8,16,22,9,0, , , , , , , , ,112,14.0
Giovani Bernard ,RB,CIN,12,39,57,44,0,0,0,0,bye, , , , , , , , ,152,38.0
Theo Riddick ,RB,DET,41,28,21,25,19,bye,0,0,0, , , , , , , , ,134,26.8
Chris Thompson ,RB,WAS,33,50,25,bye,40,0,0,26,0, , , , , , , , ,174,34.8
Rex Burkhead ,RB,NE,38,14,7,0,0,0,0,0,0, , , , , , , , ,59,19.7
Kenjon Barner ,RB,NE,0,0,0,10,0,5,17,7,0, , , , , , , , ,39,9.8
Geno Smith ,QB,LAC,0,1,0,0,0,7,0,bye,0, , , , , , , , ,8,4.0
Zach Ertz ,TE,PHI,70,74,81,76,57,71,65,57,bye, , , , , , , , ,551,68.9
Jordan Reed ,TE,WAS,41,40,40,bye,39,47,41,53,0, , , , , , , , ,301,43.0
Dion Sims ,TE,CHI,20,35,28,31,bye,31,16,20,0, , , , , , , , ,181,25.9
Tyler Eifert ,TE,CIN,23,49,42,19,0,0,0,0,bye, , , , , , , , ,133,33.3
Levine Toilolo ,TE,DET,20,22,37,19,32,bye,21,14,0, , , , , , , , ,165,23.6
Vance McDonald ,TE,PIT,0,37,32,39,37,51,bye,27,0, , , , , , , , ,223,37.2
Kyle Juszczyk ,RB,SF,26,40,53,37,68,39,34,47,0, , , , , , , , ,344,43.0
Luke Willson ,TE,DET,14,40,39,25,34,bye,41,36,0, , , , , , , , ,229,32.7
Latavius Murray ,RB,MIN,14,23,38,41,46,58,58,61,0, , , , , , , , ,339,42.4
Ryan Griffin ,TE,HOU,63,52,52,59,57,51,0,0,0, , , , , , , , ,334,55.7
Tommy Bohanon ,RB,JAC,12,6,5,2,11,4,10,6,bye, , , , , , , , ,56,7.0
Benny Cunningham ,RB,CHI,0,0,6,4,bye,5,0,5,0, , , , , , , , ,20,2.9
Demetrius Harris ,TE,KC,0,18,25,31,29,16,35,20,0, , , , , , , , ,174,24.9
C.J. Anderson ,RB,CAR,12,8,3,bye,7,1,3,12,0, , , , , , , , ,46,6.6
Jaron Brown ,WR,SEA,33,47,50,15,9,22,bye,18,0, , , , , , , , ,194,27.7
Zach Line ,RB,NO,11,22,12,18,15,bye,13,7,0, , , , , , , , ,98,14.0
James Develin ,RB,NE,35,20,8,33,15,33,15,27,0, , , , , , , , ,186,23.3
Jack Doyle ,TE,IND,77,59,0,0,0,0,0,57,bye, , , , , , , , ,193,64.3
Derrick Coleman ,RB,ARI,5,3,5,4,9,5,1,1,bye, , , , , , , , ,33,4.1
Patrick DiMarco ,RB,BUF,1,8,12,4,13,12,7,12,0, , , , , , , , ,69,8.6
Nick Williams ,WR,LAR,0,0,0,30,19,0,10,10,0, , , , , , , , ,69,17.3
Teddy Bridgewater ,QB,NO,0,0,0,0,3,bye,0,1,0, , , , , , , , ,4,2.0
Blake Bortles ,QB,JAC,63,71,57,77,83,48,30,64,bye, , , , , , , , ,493,61.6
Derek Carr ,QB,OAK,74,65,76,92,53,60,bye,50,0, , , , , , , , ,470,67.1
Logan Thomas ,TE,BUF,18,19,0,0,24,18,10,18,0, , , , , , , , ,107,17.8
Jeremy Hill ,RB,NE,12,0,0,0,0,0,0,0,0, , , , , , , , ,12,12.0
Carlos Hyde ,RB,JAC,47,36,45,49,28,32,0,28,bye, , , , , , , , ,265,37.9
De'Anthony Thomas ,WR,KC,7,5,4,9,10,0,0,0,0, , , , , , , , ,35,7.0
Devonta Freeman ,RB,ATL,39,0,0,0,28,0,0,bye,0, , , , , , , , ,67,33.5
Isaiah Crowell ,RB,NYJ,24,31,29,20,25,29,33,25,0, , , , , , , , ,216,27.0
Sammy Watkins ,WR,KC,51,47,67,12,60,54,60,55,0, , , , , , , , ,406,50.8
Mike Evans ,WR,TB,50,47,59,57,bye,57,82,70,0, , , , , , , , ,422,60.3
Kelvin Benjamin ,WR,BUF,47,40,41,35,42,44,44,49,0, , , , , , , , ,342,42.8
Brandin Cooks ,WR,LAR,61,72,74,52,28,68,50,75,0, , , , , , , , ,480,60.0
Davante Adams ,WR,GB,59,75,68,76,71,63,bye,40,0, , , , , , , , ,452,64.6
Jordan Matthews ,WR,PHI,0,0,33,46,22,26,29,34,bye, , , , , , , , ,190,31.7
Donte Moncrief ,WR,JAC,43,51,48,60,68,38,55,56,bye, , , , , , , , ,419,52.4
Allen Robinson ,WR,CHI,67,63,69,53,bye,59,61,0,0, , , , , , , , ,372,62.0
Odell Beckham Jr. ,WR,NYG,68,66,59,59,52,63,61,67,bye, , , , , , , , ,495,61.9
Jarvis Landry ,WR,CLE,81,59,66,72,80,73,67,52,0, , , , , , , , ,550,68.8
Paul Richardson ,WR,WAS,61,68,45,bye,42,52,0,46,0, , , , , , , , ,314,52.3
TJ Jones ,WR,DET,17,16,12,11,9,bye,8,0,0, , , , , , , , ,73,12.2
Martavis Bryant ,WR,OAK,0,26,35,40,13,43,bye,7,0, , , , , , , , ,164,27.3
Eric Ebron ,TE,IND,37,16,52,76,59,49,33,17,bye, , , , , , , , ,339,42.4
Austin Seferian-Jenkins ,TE,JAC,55,60,47,36,23,0,0,0,bye, , , , , , , , ,221,44.2
Xavier Grimble ,TE,PIT,22,8,16,2,10,21,bye,13,0, , , , , , , , ,92,13.1
Trey Burton ,TE,CHI,61,57,63,45,bye,51,70,48,0, , , , , , , , ,395,56.4
James White ,RB,NE,36,34,25,40,43,33,45,61,0, , , , , , , , ,317,39.6
Cody Latimer ,WR,NYG,47,44,40,0,0,32,0,0,bye, , , , , , , , ,163,40.8
Jimmy Garoppolo ,QB,SF,66,64,67,0,0,0,0,0,0, , , , , , , , ,197,65.7
John Brown ,WR,BAL,48,68,55,44,59,41,50,46,0, , , , , , , , ,411,51.4
Ryan Grant ,WR,IND,65,43,50,72,68,40,0,0,bye, , , , , , , , ,338,56.3
Alfred Blue ,RB,HOU,10,17,16,40,79,25,27,29,0, , , , , , , , ,243,30.4
Quincy Enunwa ,WR,NYJ,40,52,53,53,48,15,0,0,0, , , , , , , , ,261,43.5
Damien Williams ,RB,KC,7,9,7,3,2,3,2,0,0, , , , , , , , ,33,4.1
Albert Wilson ,WR,MIA,34,29,10,37,58,50,14,0,0, , , , , , , , ,232,33.1
David Fluellen ,RB,TEN,0,0,0,0,0,0,3,bye,0, , , , , , , , ,3,0.6
Kapri Bibbs ,RB,WAS,0,0,0,bye,8,26,23,1,0, , , , , , , , ,58,14.5
Erik Swoope ,TE,IND,5,0,8,0,14,22,6,0,bye, , , , , , , , ,55,11.0
Ryan Hewitt ,RB,IND,0,17,16,14,16,12,26,21,bye, , , , , , , , ,122,17.4
Taylor Gabriel ,WR,CHI,60,63,55,48,bye,46,64,44,0, , , , , , , , ,380,54.3
Willie Snead ,WR,BAL,42,57,40,39,67,55,44,52,0, , , , , , , , ,396,49.5
Allen Hurns ,WR,DAL,38,27,39,47,38,57,54,bye,0, , , , , , , , ,300,42.9
Bennie Fowler ,WR,NYG,0,0,0,0,0,0,35,48,bye, , , , , , , , ,83,41.5
Dontrelle Inman ,WR,IND,0,0,0,0,0,0,42,58,bye, , , , , , , , ,100,50.0
Keith Smith ,RB,OAK,7,8,19,13,7,6,bye,11,0, , , , , , , , ,71,10.1
Adam Thielen ,WR,MIN,68,70,66,73,60,69,66,69,0, , , , , , , , ,541,67.6
Cameron Brate ,TE,TB,24,14,31,37,bye,22,39,26,0, , , , , , , , ,193,27.6
Roosevelt Nix ,RB,PIT,19,4,11,1,8,17,bye,10,0, , , , , , , , ,70,10.0
Josh Hill ,TE,NO,24,39,49,43,38,bye,44,34,0, , , , , , , , ,271,38.7
Darren Fells ,TE,CLE,39,25,30,39,19,19,24,25,0, , , , , , , , ,220,27.5
Scott Simonson ,TE,NYG,4,3,16,14,18,63,11,4,bye, , , , , , , , ,133,16.6
Seth Roberts ,WR,OAK,47,22,0,30,28,44,bye,30,0, , , , , , , , ,201,33.5
Marcus Mariota ,QB,TEN,36,0,53,71,54,44,71,bye,0, , , , , , , , ,329,54.8
Jameis Winston ,QB,TB,0,0,0,35,bye,66,95,63,0, , , , , , , , ,259,64.8
Amari Cooper ,WR,DAL,69,54,60,80,51,12,0,bye,0, , , , , , , , ,326,54.3
Devante Parker ,WR,MIA,0,0,33,0,0,4,0,66,0, , , , , , , , ,103,34.3
Kevin White ,WR,CHI,12,2,12,28,bye,16,20,29,0, , , , , , , , ,119,17.0
Melvin Gordon ,RB,LAC,62,36,40,49,45,38,0,bye,0, , , , , , , , ,270,45.0
Sammie Coates ,WR,HOU,6,0,0,28,0,1,0,0,0, , , , , , , , ,35,5.8
Todd Gurley ,RB,LAR,59,49,64,53,66,58,36,70,0, , , , , , , , ,455,56.9
Devin Funchess ,WR,CAR,57,66,52,bye,51,58,54,48,0, , , , , , , , ,386,55.1
Maxx Williams ,TE,BAL,44,28,37,40,27,34,20,0,0, , , , , , , , ,230,32.9
Ameer Abdullah ,RB,DET,0,0,0,0,0,bye,7,4,0, , , , , , , , ,11,3.7
Tevin Coleman ,RB,ATL,36,40,53,40,27,38,37,bye,0, , , , , , , , ,271,38.7
Sean Mannion ,QB,LAR,0,0,0,0,0,0,10,0,0, , , , , , , , ,10,10.0
Taylor Heinicke ,QB,CAR,0,0,0,bye,0,0,0,3,0, , , , , , , , ,3,3.0
Duke Johnson ,RB,CLE,41,23,29,29,41,35,35,23,0, , , , , , , , ,256,32.0
Jay Ajayi ,RB,PHI,29,22,0,40,29,0,0,0,bye, , , , , , , , ,120,30.0
T.J. Yeldon ,RB,JAC,39,41,38,48,77,31,56,37,bye, , , , , , , , ,367,45.9
Mike Davis ,RB,SEA,0,9,8,47,25,24,bye,20,0, , , , , , , , ,133,22.2
Javorius Allen ,RB,BAL,30,42,39,33,50,28,30,23,0, , , , , , , , ,275,34.4
David Johnson ,RB,ARI,36,35,43,55,48,55,48,53,bye, , , , , , , , ,373,46.6
Malcolm Brown ,RB,LAR,4,23,13,2,0,16,25,9,0, , , , , , , , ,92,11.5
Marcus Murphy ,RB,BUF,23,23,16,0,0,0,18,1,0, , , , , , , , ,81,16.2
Nick O'Leary ,TE,MIA,0,0,0,0,28,52,39,49,0, , , , , , , , ,168,42.0
Jesse James ,TE,PIT,69,45,33,27,36,51,bye,40,0, , , , , , , , ,301,43.0
Tyler Kroft ,TE,CIN,18,34,21,20,24,0,0,0,bye, , , , , , , , ,117,23.4
Jeff Heuerman ,TE,DEN,60,41,41,53,53,58,48,63,0, , , , , , , , ,417,52.1
Nick Boyle ,TE,BAL,54,43,38,55,39,48,32,31,0, , , , , , , , ,340,42.5
MyCole Pruitt ,TE,TEN,0,0,13,3,7,5,7,bye,0, , , , , , , , ,35,5.8
Blake Bell ,TE,JAC,0,0,0,0,0,0,22,32,bye, , , , , , , , ,54,27.0
Nelson Agholor ,WR,PHI,68,72,80,72,52,64,59,57,bye, , , , , , , , ,524,65.5
Justin Hardy ,WR,ATL,6,14,15,14,17,36,14,bye,0, , , , , , , , ,116,16.6
Tyler Lockett ,WR,SEA,56,60,61,62,52,51,bye,44,0, , , , , , , , ,386,55.1
Rashad Greene ,WR,JAC,0,0,0,0,0,0,18,11,bye, , , , , , , , ,29,14.5
Breshad Perriman ,WR,CLE,0,0,0,0,0,0,11,9,0, , , , , , , , ,20,10.0
Jamison Crowder ,WR,WAS,49,69,37,bye,52,0,0,0,0, , , , , , , , ,207,51.8
Ty Montgomery ,RB,BAL,23,26,20,20,29,26,0,6,0, , , , , , , , ,150,21.4
Phillip Dorsett ,WR,NE,57,55,45,57,42,3,8,5,0, , , , , , , , ,272,34.0
Stefon Diggs ,WR,MIN,61,62,57,63,53,63,63,64,0, , , , , , , , ,486,60.8
Chris Manhertz ,TE,CAR,34,13,39,bye,37,10,6,22,0, , , , , , , , ,161,23.0
A.J. Derby ,TE,MIA,46,34,14,0,0,0,0,0,0, , , , , , , , ,94,31.3
Matt Lengel ,TE,CIN,0,0,0,0,0,1,5,11,bye, , , , , , , , ,17,5.7
C.J. Uzomah ,TE,CIN,36,37,35,51,55,56,55,64,bye, , , , , , , , ,389,48.6
DeAndre Carter ,WR,PHI,53,19,0,0,0,2,3,6,bye, , , , , , , , ,83,11.9
Neal Sterling ,TE,NYJ,40,10,0,0,0,36,32,11,0, , , , , , , , ,129,25.8
James O'Shaughnessy ,TE,JAC,26,13,12,34,36,36,0,0,bye, , , , , , , , ,157,26.2
Chris Conley ,WR,KC,35,36,49,73,43,38,46,30,0, , , , , , , , ,350,43.8
Geoff Swaim ,TE,DAL,58,50,55,64,59,66,47,bye,0, , , , , , , , ,399,57.0
Geremy Davis ,WR,LAC,0,6,5,8,9,10,1,bye,0, , , , , , , , ,39,6.5
Michael Burton ,RB,CHI,9,0,1,7,bye,0,0,0,0, , , , , , , , ,17,5.7
Damiere Byrd ,WR,CAR,0,0,0,bye,13,0,2,9,0, , , , , , , , ,24,6.0
J.J. Nelson ,WR,ARI,1,23,6,6,2,11,17,17,bye, , , , , , , , ,83,10.4
Corey Grant ,RB,JAC,6,30,20,7,2,0,0,0,bye, , , , , , , , ,65,13.0
Gabe Holmes ,TE,ARI,9,17,1,13,13,12,13,3,bye, , , , , , , , ,81,10.1
Matt LaCosse ,TE,DEN,1,2,1,15,19,27,18,27,0, , , , , , , , ,110,13.8
Tyrell Williams ,WR,LAC,62,45,38,55,46,49,36,bye,0, , , , , , , , ,331,47.3
Brian Parker ,TE,DEN,0,0,0,0,5,2,5,0,0, , , , , , , , ,12,2.4
Raheem Mostert ,RB,SF,1,0,3,1,13,23,22,12,0, , , , , , , , ,75,9.4
Eric Tomlinson ,TE,NYJ,29,37,24,13,46,27,26,6,0, , , , , , , , ,208,26.0
Cameron Meredith ,WR,NO,0,0,34,22,30,bye,18,9,0, , , , , , , , ,113,22.6
Rod Smith ,RB,DAL,4,3,3,13,11,8,0,bye,0, , , , , , , , ,42,6.0
Darius Jennings ,WR,TEN,6,6,7,16,8,5,3,bye,0, , , , , , , , ,51,7.3
Daniel Brown ,TE,CHI,0,1,0,3,bye,0,0,1,0, , , , , , , , ,5,0.8
Adam Humphries ,WR,TB,44,29,53,49,bye,51,57,62,0, , , , , , , , ,345,49.3
Laquon Treadwell ,WR,MIN,38,45,58,46,30,38,51,46,0, , , , , , , , ,352,44.0
Ezekiel Elliott ,RB,DAL,59,50,56,53,50,63,66,bye,0, , , , , , , , ,397,56.7
Jared Goff ,QB,LAR,63,72,77,55,66,74,51,78,0, , , , , , , , ,536,67.0
Josh Doctson ,WR,WAS,70,71,47,bye,0,59,57,56,0, , , , , , , , ,360,60.0
Derrick Henry ,RB,TEN,20,25,32,28,21,12,24,bye,0, , , , , , , , ,162,23.1
Carson Wentz ,QB,PHI,0,0,82,78,59,71,67,62,bye, , , , , , , , ,419,69.8
Michael Thomas ,WR,NO,61,58,75,66,51,bye,65,51,0, , , , , , , , ,427,61.0
Alex Collins ,RB,BAL,27,42,35,36,27,35,28,33,0, , , , , , , , ,263,32.9
Tyler Boyd ,WR,CIN,49,58,51,62,45,57,56,61,bye, , , , , , , , ,439,54.9
Devontae Booker ,RB,DEN,19,22,26,20,22,22,6,32,0, , , , , , , , ,169,21.1
Sterling Shepard ,WR,NYG,61,65,59,59,56,63,59,67,bye, , , , , , , , ,489,61.1
Kenneth Dixon ,RB,BAL,22,0,0,0,0,0,0,0,0, , , , , , , , ,22,22.0
Austin Hooper ,TE,ATL,59,53,58,57,55,54,56,bye,0, , , , , , , , ,392,56.0
Jordan Howard ,RB,CHI,50,48,46,33,bye,36,46,38,0, , , , , , , , ,297,42.4
Rashard Higgins ,WR,CLE,53,46,54,53,31,0,0,0,0, , , , , , , , ,237,47.4
Tajae Sharpe ,WR,TEN,58,28,24,31,33,35,56,bye,0, , , , , , , , ,265,37.9
Dak Prescott ,QB,DAL,64,53,59,69,62,67,66,bye,0, , , , , , , , ,440,62.9
Jonathan Williams ,RB,IND,3,6,9,0,0,0,0,0,bye, , , , , , , , ,18,6.0
C.J. Prosise ,RB,SEA,7,18,0,3,0,0,bye,0,0, , , , , , , , ,28,7.0
Jeff Driskel ,QB,CIN,0,0,0,0,0,0,9,0,bye, , , , , , , , ,9,9.0
Tyler Higbee ,TE,LAR,60,64,58,34,53,55,42,62,0, , , , , , , , ,428,53.5
Will Fuller ,WR,HOU,0,55,68,27,77,52,52,44,0, , , , , , , , ,375,53.6
Kenyan Drake ,RB,MIA,46,36,29,22,41,49,36,37,0, , , , , , , , ,296,37.0
Jacoby Brissett ,QB,IND,0,0,1,0,0,0,8,0,bye, , , , , , , , ,9,4.5
Cody Kessler ,QB,JAC,0,0,0,0,0,0,38,0,bye, , , , , , , , ,38,38.0
Nick Vannett ,TE,SEA,35,26,35,54,50,0,bye,31,0, , , , , , , , ,231,38.5
Chris Moore ,WR,BAL,19,26,22,33,23,39,30,38,0, , , , , , , , ,230,28.8
Tyler Ervin ,RB,HOU,7,0,0,0,3,0,22,35,0, , , , , , , , ,67,8.4
Demarcus Robinson ,WR,KC,5,7,11,45,9,6,11,20,0, , , , , , , , ,114,14.3
Seth DeValve ,TE,CLE,6,0,0,0,9,1,0,5,0, , , , , , , , ,21,4.2
Wendell Smallwood ,RB,PHI,1,24,29,37,29,44,35,31,bye, , , , , , , , ,230,28.8
Jakeem Grant ,WR,MIA,25,32,9,31,15,31,39,63,0, , , , , , , , ,245,30.6
Robby Anderson ,WR,NYJ,35,53,42,42,32,53,62,0,0, , , , , , , , ,319,45.6
Charone Peake ,WR,NYJ,13,0,0,0,0,0,9,16,0, , , , , , , , ,38,7.6
Cody Core ,WR,CIN,0,0,6,11,8,9,14,6,bye, , , , , , , , ,54,9.0
Alex Erickson ,WR,CIN,1,0,7,36,36,46,20,51,bye, , , , , , , , ,197,24.6
Keenan Reynolds ,WR,SEA,0,5,16,0,0,0,bye,0,0, , , , , , , , ,21,10.5
Andy Janovich ,RB,DEN,13,11,13,17,10,17,20,18,0, , , , , , , , ,119,14.9
Derek Watt ,RB,LAC,7,7,8,11,14,10,3,bye,0, , , , , , , , ,60,8.6
Tyreek Hill ,WR,KC,40,51,68,70,64,53,52,48,0, , , , , , , , ,446,55.8
DeAndre Washington ,RB,OAK,0,0,0,0,0,0,bye,2,0, , , , , , , , ,2,2.0
Rico Gathers ,TE,DAL,0,5,5,10,7,14,7,bye,0, , , , , , , , ,48,8.0
Marcus Johnson ,WR,IND,0,5,2,19,35,34,0,0,bye, , , , , , , , ,95,19.0
Ben Braunecker ,TE,CHI,2,1,5,12,bye,8,13,0,0, , , , , , , , ,41,5.9
Dwayne Washington ,RB,NO,0,0,0,2,0,bye,0,0,0, , , , , , , , ,2,0.5
Geronimo Allison ,WR,GB,42,61,52,56,0,0,bye,30,0, , , , , , , , ,241,48.2
David Grinnage ,TE,JAC,0,0,0,0,0,9,31,28,bye, , , , , , , , ,68,22.7
David Morgan ,TE,MIN,30,22,0,23,20,30,24,17,0, , , , , , , , ,166,23.7
Peyton Barber ,RB,TB,48,36,44,31,bye,41,35,43,0, , , , , , , , ,278,39.7
Brandon Wilds ,RB,ARI,0,5,1,0,3,0,0,0,bye, , , , , , , , ,9,3.0
Hakeem Valles ,TE,DET,18,0,6,5,0,bye,0,0,0, , , , , , , , ,29,9.7
Tra Carson ,RB,GB,3,2,0,0,0,0,bye,0,0, , , , , , , , ,5,2.5
Chester Rogers ,WR,IND,47,26,40,73,64,46,36,39,bye, , , , , , , , ,371,46.4
Marvin Hall ,WR,ATL,9,9,12,16,19,15,12,bye,0, , , , , , , , ,92,13.1
Jaydon Mickens ,WR,JAC,3,0,0,0,0,0,0,0,bye, , , , , , , , ,3,0.5
Jalen Richard ,RB,OAK,37,8,20,34,27,24,bye,22,0, , , , , , , , ,172,24.6
Maurice Harris ,WR,WAS,0,0,9,bye,49,44,36,56,0, , , , , , , , ,194,38.8
Robert Kelley ,RB,WAS,8,1,0,bye,0,0,0,0,0, , , , , , , , ,9,4.5
Cole Wick ,TE,SF,1,6,0,0,4,0,0,0,0, , , , , , , , ,11,2.2
CJ Ham ,RB,MIN,13,7,17,20,8,14,2,10,0, , , , , , , , ,91,11.4
Alan Cross ,TE,TB,15,11,3,3,bye,2,7,6,0, , , , , , , , ,47,6.7
Joshua Perkins ,TE,PHI,4,26,31,8,1,11,7,7,bye, , , , , , , , ,95,11.9
Tommylee Lewis ,WR,NO,5,0,0,0,0,bye,0,0,0, , , , , , , , ,5,2.5
Elijhaa Penny ,RB,NYG,0,0,6,5,0,3,6,2,bye, , , , , , , , ,22,3.7
Tre Madden ,RB,SEA,6,6,9,4,6,6,bye,6,0, , , , , , , , ,43,6.1
Dalvin Cook ,RB,MIN,57,50,0,18,0,0,0,0,0, , , , , , , , ,125,41.7
Mike Williams ,WR,LAC,44,39,35,46,45,38,30,bye,0, , , , , , , , ,277,39.6
Leonard Fournette ,RB,JAC,21,0,0,24,0,0,0,0,bye, , , , , , , , ,45,22.5
O.J. Howard ,TE,TB,43,46,49,15,bye,34,63,53,0, , , , , , , , ,303,43.3
Mitch Trubisky ,QB,CHI,70,66,74,59,bye,70,82,66,0, , , , , , , , ,487,69.6
Corey Davis ,WR,TEN,63,48,52,60,49,38,61,bye,0, , , , , , , , ,371,53.0
John Ross ,WR,CIN,37,45,31,18,0,0,28,0,bye, , , , , , , , ,159,31.8
DeShone Kizer ,QB,GB,14,0,0,0,0,0,bye,0,0, , , , , , , , ,14,14.0
Christian McCaffrey ,RB,CAR,57,63,67,bye,69,60,59,64,0, , , , , , , , ,439,62.7
Deshaun Watson ,QB,HOU,74,67,68,86,80,61,64,60,0, , , , , , , , ,560,70.0
David Njoku ,TE,CLE,78,46,62,68,72,60,57,53,0, , , , , , , , ,496,62.0
Chris Godwin ,WR,TB,46,29,37,31,bye,37,66,63,0, , , , , , , , ,309,44.1
Evan Engram ,TE,NYG,64,60,13,0,0,0,52,62,bye, , , , , , , , ,251,50.2
Patrick Mahomes ,QB,KC,56,58,75,78,70,54,70,58,0, , , , , , , , ,519,64.9
Nathan Peterman ,QB,BUF,32,0,0,0,0,24,0,2,0, , , , , , , , ,58,19.3
Joshua Dobbs ,QB,PIT,0,0,0,0,1,0,bye,1,0, , , , , , , , ,2,1.0
C.J. Beathard ,QB,SF,0,0,1,60,98,57,58,66,0, , , , , , , , ,340,56.7
Joe Mixon ,RB,CIN,44,39,0,0,47,42,44,55,bye, , , , , , , , ,271,45.2
Alvin Kamara ,RB,NO,52,51,67,59,31,bye,39,38,0, , , , , , , , ,337,48.1
Wayne Gallman ,RB,NYG,6,5,16,9,8,17,5,2,bye, , , , , , , , ,68,8.5
Samaje Perine ,RB,WAS,0,0,0,bye,0,8,2,0,0, , , , , , , , ,10,5.0
Jamaal Williams ,RB,GB,37,47,30,28,33,27,bye,13,0, , , , , , , , ,215,30.7
Kareem Hunt ,RB,KC,40,40,46,45,52,31,46,49,0, , , , , , , , ,349,43.6
Taywan Taylor ,WR,TEN,9,24,32,45,25,33,49,bye,0, , , , , , , , ,217,31.0
JuJu Smith-Schuster ,WR,PIT,63,76,55,60,50,50,bye,56,0, , , , , , , , ,410,58.6
Zay Jones ,WR,BUF,60,51,42,53,50,58,51,60,0, , , , , , , , ,425,53.1
Cooper Kupp ,WR,LAR,61,72,75,53,36,28,0,0,0, , , , , , , , ,325,54.2
Curtis Samuel ,WR,CAR,0,0,0,bye,12,3,19,26,0, , , , , , , , ,60,15.0
Dede Westbrook ,WR,JAC,31,51,39,57,61,44,50,58,bye, , , , , , , , ,391,48.9
Josh Reynolds ,WR,LAR,2,2,4,1,36,46,51,69,0, , , , , , , , ,211,26.4
Marlon Mack ,RB,IND,0,18,0,0,0,24,37,49,bye, , , , , , , , ,128,32.0
Jeremy McNichols ,RB,DEN,0,0,0,2,0,0,0,0,0, , , , , , , , ,2,2.0
Corey Clement ,RB,PHI,13,33,45,0,0,26,25,13,bye, , , , , , , , ,155,25.8
James Conner ,RB,PIT,77,72,56,49,45,66,bye,56,0, , , , , , , , ,421,60.1
Tarik Cohen ,RB,CHI,28,21,30,29,bye,34,42,38,0, , , , , , , , ,222,31.7
Jake Butt ,TE,DEN,36,26,35,0,0,0,0,0,0, , , , , , , , ,97,32.3
Jordan Leggett ,TE,NYJ,15,0,19,27,29,22,22,12,0, , , , , , , , ,146,20.9
Gerald Everett ,TE,LAR,5,8,21,23,16,21,22,17,0, , , , , , , , ,133,16.6
Jonnu Smith ,TE,TEN,40,59,57,69,42,25,56,bye,0, , , , , , , , ,348,49.7
Jeremy Sprinkle ,TE,WAS,34,13,24,bye,11,21,19,19,0, , , , , , , , ,141,20.1
Cooper Rush ,QB,DAL,0,0,0,0,0,6,0,bye,0, , , , , , , , ,6,6.0
T.J. Logan ,RB,ARI,0,0,0,0,0,0,0,1,bye, , , , , , , , ,1,0.5
Austin Ekeler ,RB,LAC,22,23,18,23,23,21,42,bye,0, , , , , , , , ,172,24.6
Shelton Gibson ,WR,PHI,4,35,1,3,9,4,2,2,bye, , , , , , , , ,60,7.5
Kenny Golladay ,WR,DET,65,71,64,53,49,bye,49,54,0, , , , , , , , ,405,57.9
Jehu Chesson ,WR,WAS,0,1,0,bye,0,0,0,0,0, , , , , , , , ,1,0.3
George Kittle ,TE,SF,51,50,54,50,87,53,52,60,0, , , , , , , , ,457,57.1
Michael Roberts ,TE,DET,14,7,0,0,0,bye,19,18,0, , , , , , , , ,58,14.5
Antony Auclair ,TE,TB,10,17,17,19,bye,23,22,15,0, , , , , , , , ,123,17.6
Robert Tonyan ,TE,GB,0,0,0,0,3,2,bye,3,0, , , , , , , , ,8,1.1
Trent Taylor ,WR,SF,37,16,25,31,50,0,20,19,0, , , , , , , , ,198,28.3
Jacob Hollister ,TE,NE,0,14,0,0,4,3,0,0,0, , , , , , , , ,21,7.0
Austin Carr ,WR,NO,44,32,13,12,14,bye,15,19,0, , , , , , , , ,149,21.3
Josh Malone ,WR,CIN,2,6,29,4,10,4,0,4,bye, , , , , , , , ,59,8.4
Mason Schreck ,TE,CIN,0,0,0,0,12,7,2,0,bye, , , , , , , , ,21,3.5
Tim Patrick ,WR,DEN,9,4,2,2,6,2,16,19,0, , , , , , , , ,60,7.5
Mo Alie-Cox ,TE,IND,0,0,0,13,0,12,32,25,bye, , , , , , , , ,82,20.5
Darrell Daniels ,TE,SEA,0,0,0,0,20,33,bye,9,0, , , , , , , , ,62,10.3
Isaiah McKenzie ,WR,BUF,0,0,0,0,0,0,0,3,0, , , , , , , , ,3,3.0
Ryan Switzer ,WR,PIT,7,13,7,21,4,2,bye,19,0, , , , , , , , ,73,10.4
Blake Jarwin ,TE,DAL,22,14,12,27,18,22,9,bye,0, , , , , , , , ,124,17.7
Aaron Jones ,RB,GB,0,0,17,29,22,19,bye,32,0, , , , , , , , ,119,23.8
Eric Saubert ,TE,ATL,13,8,5,4,8,14,8,bye,0, , , , , , , , ,60,8.6
Alex Armah ,RB,CAR,20,3,17,bye,10,2,3,10,0, , , , , , , , ,65,9.3
Chad Williams ,WR,ARI,50,34,43,51,41,39,45,47,bye, , , , , , , , ,350,43.8
Ricky Seals-Jones ,TE,ARI,49,44,42,39,34,39,29,48,bye, , , , , , , , ,324,40.5
Johnny Mundt ,TE,LAR,2,0,2,2,2,2,11,0,0, , , , , , , , ,21,3.0
Chris Carson ,RB,SEA,25,19,51,0,35,27,bye,42,0, , , , , , , , ,199,33.2
David Moore ,WR,SEA,16,20,23,43,31,30,bye,45,0, , , , , , , , ,208,29.7
Jason Croom ,TE,BUF,18,16,25,12,21,16,16,17,0, , , , , , , , ,141,17.6
Anthony Firkser ,RB,TEN,0,7,0,0,0,15,15,bye,0, , , , , , , , ,37,12.3
Ricky Ortiz ,RB,ATL,10,12,9,12,13,13,13,bye,0, , , , , , , , ,82,11.7
Keelan Cole ,WR,JAC,47,59,53,60,74,45,52,15,bye, , , , , , , , ,405,50.6
Sean Culkin ,TE,LAC,17,16,20,13,19,24,11,bye,0, , , , , , , , ,120,17.1
Marcus Kemp ,WR,KC,0,0,1,0,1,0,3,0,0, , , , , , , , ,5,0.6
Zach Pascal ,WR,IND,10,18,6,45,64,61,41,28,bye, , , , , , , , ,273,34.1
Matt Breida ,RB,SF,30,25,29,38,13,27,5,31,0, , , , , , , , ,198,24.8
Victor Bolden Jr. ,WR,SF,0,0,0,0,57,3,0,5,0, , , , , , , , ,65,16.3
Kendrick Bourne ,WR,SF,8,10,15,25,42,23,26,54,0, , , , , , , , ,203,25.4
Tyrone Swoopes ,TE,SEA,0,0,0,0,0,27,bye,0,0, , , , , , , , ,27,27.0
Taysom Hill ,QB,NO,1,0,5,15,14,bye,26,18,0, , , , , , , , ,79,11.3
Dan Arnold ,WR,NO,0,0,0,0,14,bye,12,10,0, , , , , , , , ,36,12.0
Tim White ,WR,BAL,0,0,0,2,0,0,0,0,0, , , , , , , , ,2,0.7
Brandon Zylstra ,WR,MIN,0,2,0,1,0,0,1,1,0, , , , , , , , ,5,0.6
Lamar Jackson ,QB,BAL,30,6,2,9,5,2,5,14,0, , , , , , , , ,73,9.1
Josh Rosen ,QB,ARI,0,0,13,60,51,58,66,66,bye, , , , , , , , ,314,52.3
Sam Darnold ,QB,NYJ,60,65,63,56,62,71,71,54,0, , , , , , , , ,502,62.8
Baker Mayfield ,QB,CLE,0,0,46,81,80,74,68,64,0, , , , , , , , ,413,68.8
Saquon Barkley ,RB,NYG,55,58,44,54,48,50,59,68,bye, , , , , , , , ,436,54.5
Ronald Jones II ,RB,TB,0,0,0,20,bye,12,29,11,0, , , , , , , , ,72,18.0
Royce Freeman ,RB,DEN,29,16,29,16,30,25,18,0,0, , , , , , , , ,163,23.3
Nick Chubb ,RB,CLE,4,3,5,3,11,7,45,31,0, , , , , , , , ,109,13.6
Kerryon Johnson ,RB,DET,16,36,32,20,29,bye,38,48,0, , , , , , , , ,219,31.3
Ito Smith ,RB,ATL,0,19,10,30,12,31,28,bye,0, , , , , , , , ,130,18.6
Kalen Ballage ,RB,MIA,0,0,0,1,2,0,3,1,0, , , , , , , , ,7,1.8
Courtland Sutton ,WR,DEN,44,54,53,42,59,35,40,49,0, , , , , , , , ,376,47.0
James Washington ,WR,PIT,11,66,40,47,35,16,bye,0,0, , , , , , , , ,215,35.8
Anthony Miller ,WR,CHI,39,37,36,0,bye,41,52,48,0, , , , , , , , ,253,42.2
Deontay Burnett ,WR,NYJ,0,0,0,0,0,0,0,41,0, , , , , , , , ,41,41.0
Calvin Ridley ,WR,ATL,45,35,42,38,48,7,41,bye,0, , , , , , , , ,256,36.6
Michael Gallup ,WR,DAL,29,25,25,40,24,59,56,bye,0, , , , , , , , ,258,36.9
Tre'Quan Smith ,WR,NO,11,22,26,26,44,bye,52,41,0, , , , , , , , ,222,31.7
Dante Pettis ,WR,SF,48,56,25,0,0,0,0,7,0, , , , , , , , ,136,27.2
D.J. Moore ,WR,CAR,17,17,33,bye,29,27,27,46,0, , , , , , , , ,196,28.0
Trey Quinn ,WR,WAS,8,0,0,bye,0,0,0,0,0, , , , , , , , ,8,8.0
Christian Kirk ,WR,ARI,45,31,37,40,32,46,52,50,bye, , , , , , , , ,333,41.6
Mark Andrews ,TE,BAL,22,35,27,26,33,20,26,22,0, , , , , , , , ,211,26.4
Dallas Goedert ,TE,PHI,17,17,55,32,34,32,37,30,bye, , , , , , , , ,254,31.8
Jaylen Samuels ,RB,PIT,0,0,0,0,2,0,bye,7,0, , , , , , , , ,9,1.8
Mike Gesicki ,TE,MIA,21,33,28,41,30,27,16,16,0, , , , , , , , ,212,26.5
Hayden Hurst ,TE,BAL,0,0,0,0,21,18,18,30,0, , , , , , , , ,87,21.8
Roc Thomas ,RB,MIN,0,0,0,4,14,5,3,3,0, , , , , , , , ,29,5.8
Antonio Callaway ,WR,CLE,15,50,69,57,55,72,51,59,0, , , , , , , , ,428,53.5
J'Mon Moore ,WR,GB,0,0,0,11,14,17,bye,0,0, , , , , , , , ,42,14.0
D.J. Chark ,WR,JAC,13,30,11,29,25,13,30,48,bye, , , , , , , , ,199,24.9
Nyheim Hines ,RB,IND,37,25,43,62,56,30,17,28,bye, , , , , , , , ,298,37.3
Josh Allen ,QB,BUF,32,62,67,58,65,38,0,0,0, , , , , , , , ,322,53.7
Justin Jackson ,RB,LAC,0,0,0,0,0,7,5,bye,0, , , , , , , , ,12,3.0
Richie James ,WR,SF,0,7,0,0,24,0,3,0,0, , , , , , , , ,34,6.8
Mark Walton ,RB,CIN,0,0,7,28,12,19,13,11,bye, , , , , , , , ,90,15.0
Rashaad Penny ,RB,SEA,25,20,10,16,0,13,bye,0,0, , , , , , , , ,84,12.0
Sony Michel ,RB,NE,0,13,23,33,27,37,6,0,0, , , , , , , , ,139,23.2
Dalton Schultz ,TE,DAL,2,0,0,0,0,0,19,bye,0, , , , , , , , ,21,10.5
Ian Thomas ,TE,CAR,37,63,52,bye,49,1,0,8,0, , , , , , , , ,210,30.0
Javon Wims ,WR,CHI,0,0,0,1,bye,0,0,2,0, , , , , , , , ,3,1.5
Jordan Thomas ,TE,HOU,14,24,15,27,29,21,55,54,0, , , , , , , , ,239,29.9
Jordan Akins ,TE,HOU,37,15,25,37,18,8,30,34,0, , , , , , , , ,204,25.5
DaeSean Hamilton ,WR,DEN,14,12,15,6,32,18,4,0,0, , , , , , , , ,101,14.4
Keke Coutee ,WR,HOU,0,0,0,80,57,45,16,0,0, , , , , , , , ,198,49.5
Chase Edmonds ,RB,ARI,17,10,8,7,3,4,22,13,bye, , , , , , , , ,84,10.5
Jordan Wilkins ,RB,IND,46,23,17,32,18,0,15,3,bye, , , , , , , , ,154,19.3
Phillip Lindsay ,RB,DEN,26,28,11,24,29,20,35,41,0, , , , , , , , ,214,26.8
Durham Smythe ,TE,MIA,15,9,9,2,7,5,4,4,0, , , , , , , , ,55,6.9
Marquez Valdes-Scantling ,WR,GB,2,6,12,54,77,66,bye,31,0, , , , , , , , ,248,35.4
Ray-Ray McCloud ,WR,BUF,0,0,14,20,13,14,0,11,0, , , , , , , , ,72,14.4
Chris Herndon IV ,TE,NYJ,34,44,34,36,41,28,24,27,0, , , , , , , , ,268,33.5
Trenton Cannon ,RB,NYJ,12,0,0,0,1,3,23,29,0, , , , , , , , ,68,8.5
Ryan Izzo ,TE,MIN,9,8,9,9,7,8,4,7,0, , , , , , , , ,61,7.6
Damion Ratley ,WR,CLE,0,0,1,0,0,65,40,32,0, , , , , , , , ,138,27.6
David Williams ,RB,JAC,0,0,0,0,0,0,6,0,bye, , , , , , , , ,6,3.0
Justin Watson ,WR,TB,0,0,0,3,bye,6,2,12,0, , , , , , , , ,23,5.8
Russell Gage ,WR,ATL,1,0,2,1,2,6,0,bye,0, , , , , , , , ,12,2.0
Jordan Franks ,TE,CIN,0,0,0,0,0,0,0,1,bye, , , , , , , , ,1,1.0
Derrick Willies ,WR,CLE,1,0,1,2,26,0,0,0,0, , , , , , , , ,30,6.0
Gus Edwards ,RB,BAL,0,0,0,0,0,14,7,8,0, , , , , , , , ,29,9.7
Vyncint Smith ,WR,HOU,37,0,41,0,0,0,0,8,0, , , , , , , , ,86,21.5
J.J. Jones ,WR,NYJ,0,3,0,0,0,0,0,0,0, , , , , , , , ,3,1.0
Detrez Newsome ,RB,LAC,0,3,0,0,0,0,0,bye,0, , , , , , , , ,3,0.8
Brandon Powell ,WR,DET,0,0,0,0,0,bye,0,1,0, , , , , , , , ,1,1.0
Mike Boone ,RB,MIN,0,0,13,4,1,3,8,7,0, , , , , , , , ,36,6.0
Shaun Wilson ,RB,TB,2,3,3,0,bye,0,0,0,0, , , , , , , , ,8,2.7
Ross Dwelley ,TE,SF,0,0,0,0,0,0,1,0,0, , , , , , , , ,1,0.3
Trent Sherfield ,WR,ARI,0,0,0,0,3,0,0,0,bye, , , , , , , , ,3,0.6
Cam Batson ,WR,TEN,0,0,0,0,0,0,6,bye,0, , , , , , , , ,6,3.0
Jawill Davis ,WR,NYG,0,0,0,1,10,18,0,0,bye, , , , , , , , ,29,9.7
Dontrell Hilliard ,RB,CLE,0,0,0,0,0,0,0,15,0, , , , , , , , ,15,5.0
Will Dissly ,TE,SEA,33,47,39,8,0,0,bye,0,0, , , , , , , , ,127,31.8
Janarion Grant ,WR,BAL,20,0,0,0,0,0,0,0,0, , , , , , , , ,20,10.0
De'Lance Turner ,RB,BAL,0,0,0,4,5,0,0,0,0, , , , , , , , ,9,2.3
Khadarel Hodge ,WR,LAR,0,0,0,0,27,4,8,2,0, , , , , , , , ,41,6.8
Patrick Peterson ,CB,ARI,78,72,73,65,95,71,58,66,bye, , , , , , , , ,578,72.3
Adrian Clayborn ,DE,NE,22,21,31,18,42,18,33,20,0, , , , , , , , ,205,25.6
Prince Amukamara ,CB,CHI,59,66,25,0,bye,52,63,54,0, , , , , , , , ,319,53.2
Marcell Dareus ,DT,JAC,46,46,42,32,46,44,34,31,bye, , , , , , , , ,321,40.1
Cameron Heyward ,DE,PIT,76,50,54,56,51,49,bye,53,0, , , , , , , , ,389,55.6
Von Miller ,LB,DEN,50,50,49,53,46,52,56,52,0, , , , , , , , ,408,51.0
Robert Quinn ,DE,MIA,41,33,54,45,41,50,37,31,0, , , , , , , , ,332,41.5
J.J. Watt ,DE,HOU,70,59,52,79,56,54,61,53,0, , , , , , , , ,484,60.5
Allen Bailey ,DE,KC,57,51,48,52,62,58,29,53,0, , , , , , , , ,410,51.3
Justin Houston ,LB,KC,63,70,64,58,22,0,0,0,0, , , , , , , , ,277,55.4
Ryan Kerrigan ,LB,WAS,36,50,57,bye,48,48,49,58,0, , , , , , , , ,346,49.4
Corey Liuget ,DT,LAC,0,0,0,0,31,42,34,bye,0, , , , , , , , ,107,35.7
Cameron Jordan ,DE,NO,60,60,62,58,50,bye,68,68,0, , , , , , , , ,426,60.9
Jimmy Smith ,CB,BAL,0,0,0,0,35,27,70,62,0, , , , , , , , ,194,48.5
Muhammad Wilkerson ,DE,GB,43,49,23,0,0,0,bye,0,0, , , , , , , , ,115,38.3
Brooks Reed ,DE,ATL,28,32,62,27,34,22,22,bye,0, , , , , , , , ,227,32.4
Jabaal Sheard ,DE,IND,40,56,65,63,55,62,49,43,bye, , , , , , , , ,433,54.1
Bruce Carter ,LB,ATL,0,0,0,0,5,12,20,bye,0, , , , , , , , ,37,9.3
Jarvis Jenkins ,DE,KC,18,19,16,10,31,10,15,17,0, , , , , , , , ,136,17.0
Marcus Gilchrist ,S,OAK,56,53,33,67,57,52,bye,70,0, , , , , , , , ,388,55.4
Terrell McClain ,DT,ATL,39,37,41,29,38,40,19,bye,0, , , , , , , , ,243,34.7
Jurrell Casey ,DT,TEN,52,49,41,58,53,57,36,bye,0, , , , , , , , ,346,49.4
Mason Foster ,LB,WAS,37,60,69,bye,66,60,66,70,0, , , , , , , , ,428,61.1
Shareece Wright ,CB,HOU,0,0,40,80,43,37,0,0,0, , , , , , , , ,200,40.0
Chris Conte ,S,TB,64,43,11,0,bye,0,0,0,0, , , , , , , , ,118,39.3
K.J. Wright ,LB,SEA,0,0,0,0,0,0,bye,50,0, , , , , , , , ,50,50.0
Da'Norris Searcy ,S,CAR,41,29,0,bye,0,0,0,0,0, , , , , , , , ,70,35.0
Sam Acho ,LB,CHI,11,15,1,0,bye,0,0,0,0, , , , , , , , ,27,6.8
Davon House ,CB,GB,0,24,5,0,0,0,bye,0,0, , , , , , , , ,29,9.7
Buster Skrine ,CB,NYJ,59,49,15,61,13,0,0,63,0, , , , , , , , ,260,43.3
Richard Sherman ,CB,SF,71,77,35,0,51,69,0,66,0, , , , , , , , ,369,61.5
Pernell McPhee ,LB,WAS,15,11,14,bye,18,12,18,16,0, , , , , , , , ,104,14.9
Colin Jones ,S,CAR,23,6,43,bye,0,0,0,4,0, , , , , , , , ,76,10.9
Lawrence Guy ,DT,NE,29,41,41,25,40,31,39,34,0, , , , , , , , ,280,35.0
Malcolm Smith ,LB,SF,0,0,33,23,26,23,7,39,0, , , , , , , , ,151,25.2
Julius Peppers ,DE,CAR,24,19,29,bye,37,39,41,32,0, , , , , , , , ,221,31.6
Terrell Suggs ,LB,BAL,31,46,40,41,66,30,54,43,0, , , , , , , , ,351,43.9
Mike Adams ,S,CAR,64,63,61,bye,56,70,66,68,0, , , , , , , , ,448,64.0
Adam Jones ,CB,DEN,38,20,0,53,9,0,0,0,0, , , , , , , , ,120,24.0
Thomas Davis ,LB,CAR,0,0,0,0,0,0,11,50,0, , , , , , , , ,61,10.2
Haloti Ngata ,DT,PHI,17,36,27,37,0,0,0,26,bye, , , , , , , , ,143,28.6
Johnathan Joseph ,CB,HOU,72,57,60,88,61,58,68,10,0, , , , , , , , ,474,59.3
Frostee Rucker ,DE,OAK,41,28,22,52,16,0,bye,52,0, , , , , , , , ,211,35.2
Domata Peko ,DT,DEN,25,34,35,36,38,37,28,38,0, , , , , , , , ,271,33.9
Kyle Williams ,DT,BUF,45,42,44,48,34,40,36,50,0, , , , , , , , ,339,42.4
Antoine Bethea ,S,ARI,77,72,74,66,98,71,59,64,bye, , , , , , , , ,581,72.6
Reggie Nelson ,S,OAK,63,48,39,54,42,37,bye,0,0, , , , , , , , ,283,47.2
Leon Hall ,CB,OAK,62,55,33,47,39,54,bye,37,0, , , , , , , , ,327,46.7
Eric Weddle ,S,BAL,47,76,68,62,80,44,71,63,0, , , , , , , , ,511,63.9
Brandon Mebane ,DT,LAC,23,28,44,37,21,31,42,bye,0, , , , , , , , ,226,32.3
Michael Johnson ,DE,CIN,46,4,0,29,22,45,31,39,bye, , , , , , , , ,216,30.9
Corey Graham ,S,PHI,40,16,47,71,3,0,0,0,bye, , , , , , , , ,177,35.4
Lorenzo Alexander ,LB,BUF,44,31,39,34,35,20,18,58,0, , , , , , , , ,279,34.9
Tramon Williams ,CB,GB,70,73,59,58,61,57,bye,78,0, , , , , , , , ,456,65.1
Brent Grimes ,CB,TB,0,0,66,41,bye,67,67,66,0, , , , , , , , ,307,61.4
Calais Campbell ,DE,JAC,52,42,46,43,52,55,51,52,bye, , , , , , , , ,393,49.1
Chris Long ,DE,PHI,39,25,36,29,29,47,29,40,bye, , , , , , , , ,274,34.3
Aqib Talib ,CB,LAR,74,35,35,0,0,0,0,0,0, , , , , , , , ,144,48.0
William Hayes ,DE,MIA,32,23,9,0,0,0,0,0,0, , , , , , , , ,64,21.3
Brandon Carr ,CB,BAL,47,72,68,62,72,32,70,63,0, , , , , , , , ,486,60.8
Orlando Scandrick ,CB,KC,68,73,42,41,68,48,44,45,0, , , , , , , , ,429,53.6
Wesley Woodyard ,LB,TEN,60,64,57,2,0,0,40,bye,0, , , , , , , , ,223,44.6
Cameron Wake ,DE,MIA,38,30,39,46,0,0,37,33,0, , , , , , , , ,223,37.2
Malcolm Jenkins ,S,PHI,70,58,59,71,62,65,59,64,bye, , , , , , , , ,508,63.5
Brian Orakpo ,LB,TEN,48,49,42,49,44,51,31,bye,0, , , , , , , , ,314,44.9
Clay Matthews ,LB,GB,60,56,39,37,44,37,bye,53,0, , , , , , , , ,326,46.6
Patrick Chung ,S,NE,73,34,0,46,78,54,82,64,0, , , , , , , , ,431,61.6
Connor Barwin ,DE,NYG,41,36,38,45,32,11,8,10,bye, , , , , , , , ,221,27.6
Michael Mitchell ,S,IND,0,0,0,0,0,54,51,32,bye, , , , , , , , ,137,45.7
Glover Quin ,S,DET,40,64,48,69,81,bye,55,53,0, , , , , , , , ,410,58.6
Jason McCourty ,CB,NE,6,53,62,49,82,54,55,63,0, , , , , , , , ,424,53.0
Captain Munnerlyn ,CB,CAR,47,36,40,bye,39,45,39,50,0, , , , , , , , ,296,42.3
Ramon Humber ,LB,BUF,4,14,19,21,0,0,1,1,0, , , , , , , , ,60,7.5
Michael Bennett ,DE,PHI,45,24,35,37,49,47,32,55,bye, , , , , , , , ,324,40.5
Ndamukong Suh ,DT,LAR,58,33,48,68,54,58,54,47,0, , , , , , , , ,420,52.5
Gerald McCoy ,DT,TB,59,65,56,48,bye,40,0,0,0, , , , , , , , ,268,53.6
Joe Haden ,CB,PIT,58,0,74,76,72,58,bye,63,0, , , , , , , , ,401,66.8
Derrick Morgan ,LB,TEN,14,44,39,56,46,19,0,bye,0, , , , , , , , ,218,36.3
Carlos Dunlap ,DE,CIN,65,61,48,52,50,49,55,64,bye, , , , , , , , ,444,55.5
Brandon Graham ,DE,PHI,46,39,34,41,52,39,39,51,bye, , , , , , , , ,341,42.6
Everson Griffen ,DE,MIN,51,69,0,0,0,0,0,37,0, , , , , , , , ,157,52.3
Earl Thomas ,S,SEA,64,65,59,49,0,0,bye,0,0, , , , , , , , ,237,59.3
Jason Pierre-Paul ,DE,TB,48,67,62,58,bye,64,66,64,0, , , , , , , , ,429,61.3
Brian Price ,DT,CLE,0,17,0,0,0,13,15,14,0, , , , , , , , ,59,14.8
Patrick Robinson ,CB,NO,46,41,23,0,0,bye,0,0,0, , , , , , , , ,110,36.7
Devin McCourty ,S,NE,72,68,73,49,83,54,81,64,0, , , , , , , , ,544,68.0
Jerry Hughes ,DE,BUF,53,34,45,50,37,39,34,45,0, , , , , , , , ,337,42.1
Kareem Jackson ,CB,HOU,75,59,61,91,62,61,68,66,0, , , , , , , , ,543,67.9
Morgan Burnett ,S,PIT,40,52,0,0,0,0,bye,23,0, , , , , , , , ,115,38.3
Sean Lee ,LB,DAL,59,41,36,0,0,0,38,bye,0, , , , , , , , ,174,43.5
Geno Atkins ,DT,CIN,56,64,47,50,41,54,49,56,bye, , , , , , , , ,417,52.1
Tyson Alualu ,DT,PIT,29,0,28,25,29,13,bye,19,0, , , , , , , , ,143,23.8
Linval Joseph ,DT,MIN,49,65,54,49,31,41,0,40,0, , , , , , , , ,329,47.0
Earl Mitchell ,DT,SF,32,25,32,33,25,34,39,31,0, , , , , , , , ,251,31.4
Corey Peters ,DT,ARI,56,50,56,34,66,47,44,0,bye, , , , , , , , ,353,50.4
Kendrick Lewis ,S,TEN,0,0,0,48,65,52,44,bye,0, , , , , , , , ,209,52.3
Reshad Jones ,S,MIA,63,65,0,0,60,70,64,61,0, , , , , , , , ,383,63.8
Kurt Coleman ,S,NO,37,23,22,13,23,bye,48,28,0, , , , , , , , ,194,27.7
Barry Church ,S,JAC,69,58,62,56,68,71,63,60,bye, , , , , , , , ,507,63.4
Sam Shields ,CB,LAR,0,11,37,74,11,26,22,14,0, , , , , , , , ,195,24.4
Frank Zombo ,LB,KC,0,0,0,0,0,8,16,2,0, , , , , , , , ,26,8.7
Sherrick McManis ,CB,CHI,3,10,5,8,bye,2,6,5,0, , , , , , , , ,39,5.6
Kyle Love ,DT,CAR,31,22,32,bye,25,34,26,36,0, , , , , , , , ,206,29.4
Darian Stewart ,S,DEN,57,63,63,78,57,72,7,0,0, , , , , , , , ,397,56.7
Andrew Sendejo ,S,MIN,66,77,67,55,59,0,0,0,0, , , , , , , , ,324,64.8
Rafael Bush ,S,BUF,31,39,19,69,0,21,28,4,0, , , , , , , , ,211,30.1
Tom Johnson ,DE,MIN,39,0,22,0,24,19,34,27,0, , , , , , , , ,165,27.5
Mario Addison ,DE,CAR,37,51,40,bye,39,50,18,43,0, , , , , , , , ,278,39.7
Chris Harris ,CB,DEN,57,63,71,75,62,74,64,58,0, , , , , , , , ,524,65.5
Ron Parker ,S,KC,82,81,68,60,83,78,48,73,0, , , , , , , , ,573,71.6
Clinton McDonald ,DT,OAK,0,52,34,42,23,20,bye,32,0, , , , , , , , ,203,33.8
Tramaine Brock ,CB,DEN,2,23,6,0,0,57,28,32,0, , , , , , , , ,148,24.7
Vincent Rey ,LB,CIN,0,0,1,1,0,46,0,17,bye, , , , , , , , ,65,8.1
Marcus Sherels ,CB,MIN,0,0,0,0,0,0,9,0,0, , , , , , , , ,9,1.8
Josh Bynes ,LB,ARI,71,70,74,66,98,71,59,66,bye, , , , , , , , ,575,71.9
Melvin Ingram ,DE,LAC,53,49,64,58,43,57,63,bye,0, , , , , , , , ,387,55.3
Nick Perry ,LB,GB,41,40,38,33,35,29,bye,41,0, , , , , , , , ,257,36.7
Andre Branch ,DE,MIA,29,33,17,0,0,49,29,35,0, , , , , , , , ,192,32.0
Chandler Jones ,DT,ARI,63,63,70,61,86,61,48,59,bye, , , , , , , , ,511,63.9
Whitney Mercilus ,LB,HOU,63,59,41,65,50,54,56,41,0, , , , , , , , ,429,53.6
Vinny Curry ,DE,TB,48,50,55,44,bye,47,0,0,0, , , , , , , , ,244,48.8
Dontari Poe ,DT,CAR,35,37,36,bye,26,33,34,33,0, , , , , , , , ,234,33.4
Fletcher Cox ,DT,PHI,65,46,52,60,53,45,45,53,bye, , , , , , , , ,419,52.4
Michael Brockers ,DT,LAR,48,21,37,41,50,39,47,48,0, , , , , , , , ,331,41.4
Lavonte David ,LB,TB,64,79,66,59,bye,67,68,66,0, , , , , , , , ,469,67.0
Zach Brown ,LB,WAS,36,51,50,bye,58,46,35,43,0, , , , , , , , ,319,45.6
Vontaze Burfict ,LB,CIN,0,0,0,0,34,61,44,0,bye, , , , , , , , ,139,46.3
Luke Kuechly ,LB,CAR,63,63,58,bye,56,70,67,62,0, , , , , , , , ,439,62.7
Dont'a Hightower ,LB,NE,50,46,62,26,56,50,62,0,0, , , , , , , , ,352,50.3
Bobby Wagner ,LB,SEA,74,0,59,60,66,60,bye,59,0, , , , , , , , ,378,63.0
Morris Claiborne ,CB,NYJ,63,57,72,53,77,69,69,66,0, , , , , , , , ,526,65.8
Dre Kirkpatrick ,CB,CIN,80,72,65,68,63,62,70,78,bye, , , , , , , , ,558,69.8
Janoris Jenkins ,CB,NYG,62,53,68,70,69,70,61,68,bye, , , , , , , , ,521,65.1
Mark Barron ,LB,LAR,0,0,0,0,48,40,39,43,0, , , , , , , , ,170,42.5
Harrison Smith ,S,MIN,66,77,67,55,59,58,66,53,0, , , , , , , , ,501,62.6
George Iloka ,S,MIN,0,0,0,0,7,43,50,5,0, , , , , , , , ,105,13.1
Stephon Gilmore ,CB,NE,74,71,70,49,77,54,81,64,0, , , , , , , , ,540,67.5
Casey Hayward ,CB,LAC,56,60,77,59,52,67,70,bye,0, , , , , , , , ,441,63.0
Derek Wolfe ,DE,DEN,47,48,49,49,45,45,46,44,0, , , , , , , , ,373,46.6
Mychal Kendricks ,LB,SEA,0,54,37,48,0,0,bye,0,0, , , , , , , , ,139,46.3
Tavon Wilson ,S,DET,47,32,22,4,0,bye,33,8,0, , , , , , , , ,146,24.3
Trumaine Johnson ,CB,NYJ,52,60,65,77,0,0,0,0,0, , , , , , , , ,254,63.5
Olivier Vernon ,LB,NYG,0,0,0,0,0,54,64,58,bye, , , , , , , , ,176,58.7
Demario Davis ,LB,NO,66,42,68,44,50,bye,47,67,0, , , , , , , , ,384,54.9
Tyrone Crawford ,DT,DAL,48,51,51,40,66,32,33,bye,0, , , , , , , , ,321,45.9
Akiem Hicks ,DE,CHI,44,48,45,17,bye,64,59,38,0, , , , , , , , ,315,45.0
Nigel Bradham ,LB,PHI,0,47,41,57,59,64,59,62,bye, , , , , , , , ,389,55.6
Kyle Wilber ,LB,OAK,0,0,0,0,0,0,bye,20,0, , , , , , , , ,20,2.9
Coty Sensabaugh ,CB,PIT,0,29,49,30,31,35,bye,46,0, , , , , , , , ,220,36.7
Mike Daniels ,DT,GB,33,45,49,35,49,39,bye,49,0, , , , , , , , ,299,42.7
Malik Jackson ,DT,JAC,55,43,43,42,45,49,52,50,bye, , , , , , , , ,379,47.4
Tahir Whitehead ,LB,OAK,63,63,44,81,64,65,bye,78,0, , , , , , , , ,458,65.4
Najee Goode ,LB,IND,7,2,3,1,51,0,0,0,bye, , , , , , , , ,64,8.0
Brandon Marshall ,LB,DEN,50,52,33,57,52,62,62,17,0, , , , , , , , ,385,48.1
Josh Norman ,CB,WAS,53,61,69,bye,61,60,66,70,0, , , , , , , , ,440,62.9
Korey Toomer ,LB,GB,0,7,2,3,0,0,bye,0,0, , , , , , , , ,12,3.0
Keith Tandy ,S,ATL,0,1,0,0,0,0,1,bye,0, , , , , , , , ,2,0.4
Danny Trevathan ,LB,CHI,57,58,50,47,bye,76,62,49,0, , , , , , , , ,399,57.0
Nate Ebner ,S,NE,0,1,0,0,0,0,0,0,0, , , , , , , , ,1,0.1
Nate Stupar ,LB,NYG,0,0,0,0,1,20,12,27,bye, , , , , , , , ,60,7.5
Steve McLendon ,DT,NYJ,21,32,32,39,28,27,33,13,0, , , , , , , , ,225,28.1
Anthony Levine ,CB,BAL,9,13,25,28,35,12,17,11,0, , , , , , , , ,150,18.8
L.J. Fort ,LB,PIT,0,0,0,11,27,0,bye,21,0, , , , , , , , ,59,9.8
Julian Stanford ,LB,BUF,0,0,0,0,0,0,0,32,0, , , , , , , , ,32,5.3
Tashaun Gipson ,S,JAC,68,61,60,56,57,73,64,62,bye, , , , , , , , ,501,62.6
Johnson Bademosi ,CB,HOU,0,0,1,0,0,0,0,6,0, , , , , , , , ,7,0.9
Craig Robertson ,LB,NO,0,0,0,20,13,bye,0,0,0, , , , , , , , ,33,4.7
Rodney McLeod ,S,PHI,70,58,34,0,0,0,0,0,bye, , , , , , , , ,162,54.0
Derrick Shelby ,DE,ATL,25,6,0,0,0,0,17,bye,0, , , , , , , , ,48,16.0
Emmanuel Lamur ,LB,OAK,1,14,11,34,25,23,bye,0,0, , , , , , , , ,108,18.0
Alex Okafor ,DE,NO,37,39,44,38,43,bye,43,49,0, , , , , , , , ,293,41.9
Dion Jordan ,DE,SEA,15,14,19,0,22,0,bye,27,0, , , , , , , , ,97,19.4
William Gholston ,DE,TB,25,43,51,32,bye,20,33,27,0, , , , , , , , ,231,33.0
Ezekiel Ansah ,DE,DET,19,0,0,0,0,bye,0,0,0, , , , , , , , ,19,19.0
Datone Jones ,DE,DAL,0,0,5,0,0,0,0,bye,0, , , , , , , , ,5,5.0
John Simon ,LB,NE,0,0,0,20,5,0,0,13,0, , , , , , , , ,38,12.7
Margus Hunt ,DE,IND,43,66,69,80,51,0,39,45,bye, , , , , , , , ,393,56.1
Abry Jones ,DT,JAC,27,27,36,22,41,44,38,32,bye, , , , , , , , ,267,33.4
Star Lotulelei ,DT,BUF,38,37,24,38,23,28,26,40,0, , , , , , , , ,254,31.8
Johnathan Hankins ,DT,OAK,0,18,22,56,44,42,bye,57,0, , , , , , , , ,239,39.8
Akeem Spence ,DT,MIA,36,40,15,55,45,42,41,44,0, , , , , , , , ,318,39.8
Sheldon Richardson ,DE,MIN,46,58,44,47,44,39,49,30,0, , , , , , , , ,357,44.6
Sylvester Williams ,DT,MIA,46,37,17,33,1,0,14,0,0, , , , , , , , ,148,24.7
Bennie Logan ,DT,TEN,13,20,17,21,17,0,12,bye,0, , , , , , , , ,100,16.7
Manti Te'o ,LB,NO,27,35,0,0,0,bye,35,17,0, , , , , , , , ,114,28.5
Alec Ogletree ,LB,NYG,63,53,68,70,71,71,65,0,bye, , , , , , , , ,461,65.9
Barkevious Mingo ,LB,SEA,38,53,20,23,64,56,bye,17,0, , , , , , , , ,271,38.7
Jon Bostic ,LB,PIT,59,31,54,58,43,33,bye,42,0, , , , , , , , ,320,45.7
Gerald Hodges ,LB,ARI,0,36,58,1,3,0,1,0,bye, , , , , , , , ,99,12.4
Kiko Alonso ,LB,MIA,69,65,76,81,60,70,64,61,0, , , , , , , , ,546,68.3
Desmond Trufant ,CB,ATL,67,67,77,71,48,65,63,bye,0, , , , , , , , ,458,65.4
Tyrann Mathieu ,S,HOU,71,59,62,91,59,62,68,66,0, , , , , , , , ,538,67.3
Xavier Rhodes ,CB,MIN,66,77,64,42,56,56,54,0,0, , , , , , , , ,415,59.3
Logan Ryan ,CB,TEN,58,63,55,74,58,74,44,bye,0, , , , , , , , ,426,60.9
Jordan Poyer ,S,BUF,77,56,66,76,54,61,66,76,0, , , , , , , , ,532,66.5
Jamar Taylor ,CB,ARI,78,72,55,17,2,4,1,34,bye, , , , , , , , ,263,32.9
Eric Reid ,S,CAR,0,0,0,bye,48,57,55,64,0, , , , , , , , ,224,56.0
Kenny Vaccaro ,S,TEN,62,67,57,26,0,0,0,bye,0, , , , , , , , ,212,53.0
T.J. McDonald ,S,MIA,69,65,76,81,59,70,64,61,0, , , , , , , , ,545,68.1
Tony Jefferson ,S,BAL,64,76,68,62,78,44,71,63,0, , , , , , , , ,526,65.8
Shawn Williams ,S,CIN,13,70,65,69,63,42,70,83,bye, , , , , , , , ,475,59.4
Kawann Short ,DT,CAR,35,39,37,bye,38,45,49,43,0, , , , , , , , ,286,40.9
D.J. Hayden ,CB,JAC,43,29,0,0,0,0,0,0,bye, , , , , , , , ,72,36.0
Darius Slay ,CB,DET,54,41,48,66,78,bye,51,60,0, , , , , , , , ,398,56.9
Jamie Collins ,LB,CLE,51,66,61,52,69,54,95,71,0, , , , , , , , ,519,64.9
D.J. Swearinger ,S,WAS,53,61,69,bye,66,60,66,70,0, , , , , , , , ,445,63.6
Robert Alford ,CB,ATL,72,67,78,73,59,65,63,bye,0, , , , , , , , ,477,68.1
Blidi Wreh-Wilson ,CB,ATL,0,2,0,15,0,0,0,bye,0, , , , , , , , ,17,8.5
Kayvon Webster ,CB,HOU,0,0,0,0,2,0,0,0,0, , , , , , , , ,2,2.0
Duron Harmon ,S,NE,50,37,70,24,70,37,46,37,0, , , , , , , , ,371,46.4
Brandon Williams ,DT,BAL,26,45,37,22,38,16,45,35,0, , , , , , , , ,264,33.0
Shamarko Thomas ,S,DEN,0,0,6,0,0,0,13,0,0, , , , , , , , ,19,6.3
B.W. Webb ,CB,NYG,34,41,68,70,54,65,39,67,bye, , , , , , , , ,438,54.8
Steven Means ,DE,ATL,0,0,18,19,23,15,0,bye,0, , , , , , , , ,75,18.8
A.J. Klein ,LB,NO,25,48,68,43,47,bye,50,56,0, , , , , , , , ,337,48.1
Micah Hyde ,S,BUF,76,56,66,11,0,61,61,75,0, , , , , , , , ,406,58.0
Vince Williams ,LB,PIT,88,58,74,65,0,59,bye,42,0, , , , , , , , ,386,64.3
Nick Williams ,DE,CHI,14,0,0,0,bye,0,0,0,0, , , , , , , , ,14,14.0
Kemal Ishmael ,S,ATL,0,0,0,0,4,6,6,bye,0, , , , , , , , ,16,2.3
Marcus Cooper ,CB,CHI,3,0,0,0,bye,0,0,0,0, , , , , , , , ,3,1.5
Lerentee McCray ,LB,JAC,35,12,3,3,4,8,0,4,bye, , , , , , , , ,69,8.6
LaRoy Reynolds ,LB,PHI,1,0,0,0,1,0,1,1,bye, , , , , , , , ,4,0.5
Ray-Ray Armstrong ,LB,CLE,30,23,41,57,33,2,0,0,0, , , , , , , , ,186,26.6
Benson Mayowa ,DE,ARI,57,56,62,32,71,33,25,27,bye, , , , , , , , ,363,45.4
Damion Square ,DT,LAC,24,24,27,35,27,37,44,bye,0, , , , , , , , ,218,31.1
Damon Harrison ,DT,DET,45,34,35,37,38,30,0,39,0, , , , , , , , ,258,36.9
Jahleel Addae ,S,LAC,56,62,77,60,53,68,71,bye,0, , , , , , , , ,447,63.9
Daren Bates ,LB,TEN,1,0,1,2,9,17,0,bye,0, , , , , , , , ,30,4.3
A.J. Bouye ,CB,JAC,71,61,62,56,70,73,64,0,bye, , , , , , , , ,457,65.3
Wes Horton ,DE,CAR,43,47,22,bye,19,28,49,15,0, , , , , , , , ,223,31.9
Bradley McDougald ,S,SEA,61,66,59,60,66,60,bye,50,0, , , , , , , , ,422,60.3
Chris Banjo ,S,NO,0,0,0,0,0,bye,2,1,0, , , , , , , , ,3,0.4
Rashaan Melvin ,CB,OAK,49,64,33,71,40,7,bye,0,0, , , , , , , , ,264,44.0
Jeff Heath ,S,DAL,67,67,55,48,80,47,60,bye,0, , , , , , , , ,424,60.6
DeShawn Shead ,S,DET,0,0,13,0,45,bye,5,13,0, , , , , , , , ,76,19.0
Jadeveon Clowney ,DE,HOU,71,0,54,76,54,57,61,51,0, , , , , , , , ,424,60.6
Stephon Tuitt ,DE,PIT,73,48,52,56,52,48,bye,45,0, , , , , , , , ,374,53.4
Trent Murphy ,DE,BUF,28,37,36,50,36,32,31,0,0, , , , , , , , ,250,35.7
Dominique Easley ,DT,LAR,32,22,8,0,0,0,0,0,0, , , , , , , , ,62,20.7
Dee Ford ,LB,KC,73,64,62,30,56,72,42,68,0, , , , , , , , ,467,58.4
Aaron Lynch ,LB,CHI,21,30,17,29,bye,33,29,45,0, , , , , , , , ,204,29.1
Daniel McCullers ,DT,PIT,10,5,9,9,12,5,bye,9,0, , , , , , , , ,59,8.4
Anthony Barr ,LB,MIN,66,77,67,55,57,58,51,0,0, , , , , , , , ,431,61.6
Khalil Mack ,LB,CHI,42,48,50,51,bye,62,54,0,0, , , , , , , , ,307,51.2
Kyle Van Noy ,LB,NE,49,64,64,31,73,54,76,64,0, , , , , , , , ,475,59.4
Christian Jones ,LB,DET,27,59,24,52,24,bye,26,41,0, , , , , , , , ,253,36.1
Jeremiah Attaochu ,LB,NYJ,10,0,7,17,33,27,19,19,0, , , , , , , , ,132,16.5
C.J. Mosley ,LB,BAL,47,3,0,62,80,44,71,63,0, , , , , , , , ,370,52.9
Bradley Roby ,CB,DEN,54,58,56,75,46,74,65,57,0, , , , , , , , ,485,60.6
Darqueze Dennard ,CB,CIN,52,65,37,49,57,12,0,0,bye, , , , , , , , ,272,45.3
Aaron Colvin ,CB,HOU,41,24,54,76,0,0,0,0,0, , , , , , , , ,195,48.8
Hasean Clinton-Dix ,S,WAS,70,73,61,58,62,57,0,0,0, , , , , , , , ,381,63.5
Lamarcus Joyner ,S,LAR,74,35,52,74,60,66,47,50,0, , , , , , , , ,458,57.3
Aaron Donald ,DT,LAR,66,30,48,71,58,60,46,48,0, , , , , , , , ,427,53.4
Deone Bucannon ,LB,ARI,79,25,1,48,4,2,7,39,bye, , , , , , , , ,205,25.6
Jimmie Ward ,CB,SF,5,20,70,56,0,57,0,66,0, , , , , , , , ,274,45.7
Demarcus Lawrence ,DE,DAL,48,52,55,40,61,24,50,bye,0, , , , , , , , ,330,47.1
Christian Kirksey ,LB,CLE,61,0,0,83,84,59,95,71,0, , , , , , , , ,453,75.5
Jay Bromley ,DT,NO,0,0,12,0,0,bye,0,0,0, , , , , , , , ,12,12.0
Preston Brown ,LB,CIN,46,0,0,46,42,45,58,73,bye, , , , , , , , ,310,51.7
Kareem Martin ,LB,NYG,61,47,51,56,47,27,34,18,bye, , , , , , , , ,341,42.6
Phillip Gaines ,CB,BUF,79,8,0,0,40,61,53,75,0, , , , , , , , ,316,52.7
Justin Ellis ,DT,OAK,45,0,0,0,0,0,bye,0,0, , , , , , , , ,45,45.0
Cassius Marsh ,DE,SF,39,54,40,28,26,43,35,39,0, , , , , , , , ,304,38.0
Daquan Jones ,DT,TEN,40,33,29,36,42,45,27,bye,0, , , , , , , , ,252,36.0
Anthony Hitchens ,LB,KC,78,77,60,58,76,78,37,55,0, , , , , , , , ,519,64.9
Walt Aikens ,S,MIA,0,0,0,3,0,0,0,0,0, , , , , , , , ,3,0.4
Pierre Desir ,CB,IND,0,56,65,77,69,49,44,45,bye, , , , , , , , ,405,50.6
Tre Boston ,S,ARI,74,72,73,66,94,63,0,0,bye, , , , , , , , ,442,73.7
Kevin Pierre-Louis ,LB,NYJ,0,0,0,7,0,0,0,0,0, , , , , , , , ,7,1.8
Nevin Lawson ,CB,DET,56,37,48,68,80,bye,56,59,0, , , , , , , , ,404,57.7
Brent Urban ,DE,BAL,28,51,37,35,39,20,39,32,0, , , , , , , , ,281,35.1
Ricardo Allen ,S,ATL,72,67,66,0,0,0,0,bye,0, , , , , , , , ,205,68.3
Bene Benwikere ,CB,ARI,1,10,34,65,95,71,58,66,bye, , , , , , , , ,400,50.0
Avery Williamson ,LB,NYJ,64,60,77,77,77,69,69,66,0, , , , , , , , ,559,69.9
Nat Berhe ,S,PIT,0,0,20,12,0,0,bye,0,0, , , , , , , , ,32,8.0
Caraun Reid ,DT,DAL,0,0,0,28,10,0,0,bye,0, , , , , , , , ,38,19.0
Chris Smith ,DE,CLE,57,38,41,5,25,14,12,10,0, , , , , , , , ,202,25.3
Devon Kennard ,LB,DET,58,64,48,69,78,bye,51,60,0, , , , , , , , ,428,61.1
Antone Exum Jr. ,S,SF,0,6,75,68,1,1,5,20,0, , , , , , , , ,176,22.0
E.J. Gaines ,CB,CLE,0,0,0,42,79,53,0,0,0, , , , , , , , ,174,34.8
Zach Moore ,DE,ARI,22,16,6,5,36,10,11,8,bye, , , , , , , , ,114,14.3
Dre Hal ,S,HOU,0,0,0,0,0,0,29,0,0, , , , , , , , ,29,29.0
Travis Carrie ,CB,CLE,1,35,37,68,55,28,70,60,0, , , , , , , , ,354,44.3
Shamar Stephen ,DT,SEA,40,43,39,36,38,26,bye,19,0, , , , , , , , ,241,34.4
Beau Allen ,DT,TB,31,20,0,0,bye,42,41,37,0, , , , , , , , ,171,34.2
Shelby Harris ,DE,DEN,15,22,30,26,21,18,21,16,0, , , , , , , , ,169,21.1
Terrance Mitchell ,CB,CLE,67,53,57,17,0,0,0,0,0, , , , , , , , ,194,48.5
Deon Lacey ,LB,BUF,2,0,0,0,0,0,0,0,0, , , , , , , , ,2,0.3
Jacquies Smith ,DE,OAK,16,9,4,0,0,0,bye,0,0, , , , , , , , ,29,9.7
Michael Thomas ,S,NYG,10,2,23,10,19,13,20,11,bye, , , , , , , , ,108,13.5
Kerry Hyder ,DT,DET,45,10,0,0,34,bye,0,0,0, , , , , , , , ,89,29.7
Malcolm Butler ,CB,TEN,55,67,52,78,53,49,29,bye,0, , , , , , , , ,383,54.7
K'Waun Williams ,CB,SF,38,61,53,45,26,34,48,52,0, , , , , , , , ,357,44.6
Terrence Brooks ,S,NYJ,0,0,0,0,0,29,40,0,0, , , , , , , , ,69,8.6
Jordan Dangerfield ,S,PIT,0,0,0,0,0,4,bye,3,0, , , , , , , , ,7,1.0
Josh Mauro ,DT,NYG,0,0,0,0,17,23,11,17,bye, , , , , , , , ,68,17.0
Zach Kerr ,DT,DEN,11,21,23,23,25,24,25,15,0, , , , , , , , ,167,20.9
Brandon Copeland ,LB,NYJ,51,32,45,48,48,38,48,28,0, , , , , , , , ,338,42.3
Shaquil Barrett ,LB,DEN,4,17,28,27,21,32,24,19,0, , , , , , , , ,172,21.5
Josh Martin ,LB,NYJ,0,0,0,19,0,0,0,0,0, , , , , , , , ,19,19.0
Neiko Thorpe ,CB,SEA,0,0,0,0,1,13,bye,0,0, , , , , , , , ,14,2.3
Denico Autry ,DE,IND,41,0,0,76,28,0,0,42,bye, , , , , , , , ,187,46.8
Tyler Patmon ,CB,JAC,0,1,34,44,42,44,13,0,bye, , , , , , , , ,178,25.4
Kerry Wynn ,DE,NYG,20,20,44,20,41,41,22,29,bye, , , , , , , , ,237,29.6
Robert Thomas ,DT,BUF,0,5,12,0,0,0,0,0,0, , , , , , , , ,17,8.5
Will Compton ,LB,TEN,19,24,0,16,8,0,0,bye,0, , , , , , , , ,67,13.4
Brandon Dunn ,DT,HOU,32,31,16,18,24,32,19,27,0, , , , , , , , ,199,24.9
Mike Pennel ,DT,NYJ,18,10,19,16,12,13,8,25,0, , , , , , , , ,121,15.1
Joe Thomas ,LB,DAL,3,14,14,6,2,0,0,bye,0, , , , , , , , ,39,7.8
Adarius Taylor ,LB,TB,20,12,23,27,bye,34,42,53,0, , , , , , , , ,211,30.1
Ethan Westbrooks ,DE,LAR,14,14,8,12,8,19,16,4,0, , , , , , , , ,95,11.9
Brock Coyle ,LB,SF,61,0,0,0,0,0,0,0,0, , , , , , , , ,61,61.0
Todd Davis ,LB,DEN,37,57,52,60,39,55,50,55,0, , , , , , , , ,405,50.6
C.J. Goodwin ,CB,DAL,0,0,0,0,0,1,2,bye,0, , , , , , , , ,3,1.5
Adrian Phillips ,S,LAC,11,27,16,14,34,65,40,bye,0, , , , , , , , ,207,29.6
Leonard Williams ,DE,NYJ,46,49,65,57,59,55,58,54,0, , , , , , , , ,443,55.4
Randy Gregory ,DE,DAL,15,0,27,22,40,17,31,bye,0, , , , , , , , ,152,25.3
Landon Collins ,S,NYG,63,53,68,70,71,71,65,68,bye, , , , , , , , ,529,66.1
Shane Ray ,LB,DEN,18,18,31,28,20,18,0,0,0, , , , , , , , ,133,22.2
Trae Waynes ,CB,MIN,24,71,16,24,0,56,61,53,0, , , , , , , , ,305,43.6
Danny Shelton ,DT,NE,40,37,33,15,36,33,28,18,0, , , , , , , , ,240,30.0
Eddie Goldman ,DT,CHI,26,35,33,29,bye,40,47,31,0, , , , , , , , ,241,34.4
Jordan Phillips ,DT,BUF,31,22,46,25,17,21,31,34,0, , , , , , , , ,227,28.4
Marcus Peters ,CB,LAR,74,35,15,74,60,66,47,52,0, , , , , , , , ,423,52.9
Arik Armstead ,DE,SF,59,54,49,38,28,31,35,38,0, , , , , , , , ,332,41.5
P.J. Williams ,CB,NO,0,2,50,49,57,bye,53,56,0, , , , , , , , ,267,44.5
Nate Orchard ,LB,KC,0,5,15,15,0,0,0,0,0, , , , , , , , ,35,11.7
Byron Jones ,S,DAL,66,67,69,54,80,47,60,bye,0, , , , , , , , ,443,63.3
Benardrick McKinney ,LB,HOU,57,59,54,64,62,62,68,63,0, , , , , , , , ,489,61.1
Adrian Amos ,S,CHI,60,66,50,63,bye,78,64,54,0, , , , , , , , ,435,62.1
Kevin Johnson ,CB,HOU,65,0,0,0,0,0,0,0,0, , , , , , , , ,65,65.0
Dante Fowler Jr. ,DE,LAR,0,18,17,27,29,26,26,22,0, , , , , , , , ,165,23.6
Vic Beasley ,DT,ATL,44,53,65,56,38,48,47,bye,0, , , , , , , , ,351,50.1
Malcom Brown ,DT,NE,32,39,35,22,21,0,31,28,0, , , , , , , , ,208,29.7
Eric Kendricks ,LB,MIN,66,77,67,55,57,58,66,53,0, , , , , , , , ,499,62.4
Shaq Thompson ,LB,CAR,64,63,65,bye,56,37,42,39,0, , , , , , , , ,366,52.3
Eli Harold ,LB,DET,9,25,21,16,0,bye,1,8,0, , , , , , , , ,80,13.3
Carl Davis ,DE,CLE,0,10,4,5,7,0,0,0,0, , , , , , , , ,26,6.5
Preston Smith ,LB,WAS,39,47,62,bye,54,47,49,60,0, , , , , , , , ,358,51.1
Danielle Hunter ,DE,MIN,58,67,60,51,55,50,57,44,0, , , , , , , , ,442,55.3
Eric Rowe ,CB,NE,74,17,0,0,0,17,28,0,0, , , , , , , , ,136,34.0
Damarious Randall ,CB,CLE,83,59,62,83,87,60,93,71,0, , , , , , , , ,598,74.8
Stephone Anthony ,LB,MIA,0,0,3,1,4,1,6,0,0, , , , , , , , ,15,1.9
Ronald Darby ,CB,PHI,65,54,59,70,60,65,58,62,bye, , , , , , , , ,493,61.6
Grady Jarrett ,DT,ATL,54,55,66,37,0,0,49,bye,0, , , , , , , , ,261,52.2
Henry Anderson ,DT,NYJ,34,29,49,33,49,44,37,38,0, , , , , , , , ,313,39.1
Denzel Perryman ,LB,LAC,42,37,59,47,47,49,58,bye,0, , , , , , , , ,339,48.4
Josh Shaw ,CB,KC,0,0,0,0,0,22,9,0,0, , , , , , , , ,31,10.3
Trey Flowers ,DE,NE,50,7,0,28,51,41,72,58,0, , , , , , , , ,307,43.9
Mario Edwards ,DE,NYG,6,2,24,21,19,10,23,21,bye, , , , , , , , ,126,15.8
Markus Golden ,DE,ARI,0,0,12,34,0,38,34,39,bye, , , , , , , , ,157,31.4
Kwon Alexander ,LB,TB,64,79,66,59,bye,67,31,0,0, , , , , , , , ,366,61.0
Za'Darius Smith ,LB,BAL,36,54,37,46,63,22,43,36,0, , , , , , , , ,337,42.1
Jaquiski Tartt ,S,SF,71,71,0,0,50,70,56,25,0, , , , , , , , ,343,57.2
Bud Dupree ,LB,PIT,83,53,58,66,60,56,bye,53,0, , , , , , , , ,429,61.3
Bobby McCain ,CB,MIA,69,65,72,41,0,0,64,61,0, , , , , , , , ,372,62.0
Darryl Roberts ,CB,NYJ,22,0,9,22,73,69,69,66,0, , , , , , , , ,330,41.3
Geneo Grissom ,DE,NE,0,20,3,0,0,0,0,0,0, , , , , , , , ,23,7.7
Anthony Chickillo ,LB,PIT,10,10,24,16,32,15,bye,22,0, , , , , , , , ,129,18.4
Leterrius Walton ,DE,PIT,0,13,0,0,0,0,bye,0,0, , , , , , , , ,13,13.0
Christian Covington ,DT,HOU,9,0,24,0,0,0,10,17,0, , , , , , , , ,60,15.0
Angelo Blackson ,DT,HOU,43,22,30,38,29,13,25,16,0, , , , , , , , ,216,27.0
Darius Kilgo ,DT,TEN,0,0,0,0,11,20,1,bye,0, , , , , , , , ,32,10.7
Kyle Emanuel ,LB,LAC,13,17,0,31,11,15,24,bye,0, , , , , , , , ,111,15.9
Darius Philon ,DE,LAC,35,36,53,45,36,52,47,bye,0, , , , , , , , ,304,43.4
Rakeem Nunez-Roches ,DT,TB,0,0,0,0,bye,0,22,23,0, , , , , , , , ,45,22.5
Steven Nelson ,CB,KC,82,81,68,60,83,78,48,73,0, , , , , , , , ,573,71.6
Ramik Wilson ,LB,LAR,35,20,35,37,1,0,10,0,0, , , , , , , , ,138,17.3
Damien Wilson ,LB,DAL,18,17,12,9,24,10,21,bye,0, , , , , , , , ,111,15.9
Mark Nzeocha ,LB,SF,33,16,0,0,0,2,5,0,0, , , , , , , , ,56,7.0
Jordan Hicks ,LB,PHI,70,58,59,71,62,65,59,64,bye, , , , , , , , ,508,63.5
Olsen Pierre ,DE,ARI,4,0,0,25,51,19,22,19,bye, , , , , , , , ,140,23.3
Quandre Diggs ,CB,DET,58,64,48,43,81,bye,56,61,0, , , , , , , , ,411,58.7
Akeem King ,CB,SEA,2,66,0,0,0,0,bye,1,0, , , , , , , , ,69,9.9
David Mayo ,LB,CAR,18,27,29,bye,14,0,1,0,0, , , , , , , , ,89,12.7
Tyeler Davison ,DT,NO,52,0,0,25,27,bye,32,30,0, , , , , , , , ,166,33.2
Rodney Gunter ,DT,ARI,30,26,25,16,76,23,33,54,bye, , , , , , , , ,283,35.4
Bryce Hager ,LB,LAR,0,10,0,0,0,0,14,2,0, , , , , , , , ,26,3.3
Frank Clark ,DE,SEA,43,50,46,47,54,29,bye,43,0, , , , , , , , ,312,44.6
David Irving ,DT,DAL,0,0,0,0,0,22,34,bye,0, , , , , , , , ,56,28.0
Justin March-Lillard ,LB,DAL,7,0,0,0,0,1,0,bye,0, , , , , , , , ,8,1.1
Nick Dzubnar ,LB,LAC,1,0,0,0,0,0,0,bye,0, , , , , , , , ,1,0.1
Bryce Callahan ,CB,CHI,56,56,42,55,bye,74,39,53,0, , , , , , , , ,375,53.6
Justin Coleman ,CB,SEA,36,20,47,40,63,46,bye,51,0, , , , , , , , ,303,43.3
Deshazor Everett ,CB,WAS,2,2,2,bye,12,0,4,2,0, , , , , , , , ,24,3.4
Josh Keyes ,LB,HOU,0,0,0,0,0,0,0,24,0, , , , , , , , ,24,24.0
Ryan Delaire ,DE,SF,0,0,0,0,10,0,0,0,0, , , , , , , , ,10,10.0
Jermaine Whitehead ,S,GB,25,25,15,39,0,27,bye,75,0, , , , , , , , ,206,34.3
Xavier Williams ,DT,KC,30,33,32,27,23,26,18,27,0, , , , , , , , ,216,27.0
Zach Vigil ,LB,WAS,16,1,0,bye,0,0,0,0,0, , , , , , , , ,17,2.4
Neville Hewitt ,LB,NYJ,7,3,0,2,0,0,0,0,0, , , , , , , , ,12,1.5
Troy Hill ,CB,LAR,0,10,9,2,49,40,47,36,0, , , , , , , , ,193,24.1
Matt Longacre ,LB,LAR,22,20,19,38,29,23,30,22,0, , , , , , , , ,203,25.4
Cameron Lynch ,LB,TB,0,0,0,3,bye,0,1,0,0, , , , , , , , ,4,0.6
Curtis Riley ,CB,NYG,61,52,68,70,70,70,65,66,bye, , , , , , , , ,522,65.3
Quinton Dunbar ,CB,WAS,40,60,68,bye,58,60,0,0,0, , , , , , , , ,286,57.2
Efe Obada ,DE,CAR,0,0,19,bye,18,23,26,24,0, , , , , , , , ,110,22.0
Clayton Geathers ,S,IND,56,74,82,86,20,0,0,50,bye, , , , , , , , ,368,61.3
Jordan Richards ,S,ATL,0,53,25,18,47,65,24,bye,0, , , , , , , , ,232,38.7
Ibraheim Campbell ,S,GB,0,1,0,0,0,0,bye,1,0, , , , , , , , ,2,0.4
Anthony Harris ,S,MIN,0,0,0,0,0,15,26,49,0, , , , , , , , ,90,12.9
Corey Moore ,S,IND,0,0,0,0,1,17,8,18,bye, , , , , , , , ,44,5.5
Vernon Hargreaves ,CB,TB,53,0,0,0,bye,0,0,0,0, , , , , , , , ,53,53.0
Jalen Ramsey ,CB,JAC,71,61,60,56,69,71,64,62,bye, , , , , , , , ,514,64.3
Emmanuel Ogbah ,DE,CLE,27,0,0,74,70,54,88,61,0, , , , , , , , ,374,62.3
DeForest Buckner ,DT,SF,54,63,55,52,47,65,40,57,0, , , , , , , , ,433,54.1
Robert Nkemdiche ,DT,ARI,55,52,59,51,0,49,20,51,bye, , , , , , , , ,337,48.1
Myles Jack ,LB,JAC,71,61,62,56,70,73,64,62,bye, , , , , , , , ,519,64.9
Shaq Lawson ,DE,BUF,35,0,0,25,19,20,28,43,0, , , , , , , , ,170,28.3
Mackensie Alexander ,CB,MIN,0,54,39,29,28,33,35,11,0, , , , , , , , ,229,32.7
A'Shawn Robinson ,DT,DET,0,23,20,36,32,bye,19,43,0, , , , , , , , ,173,28.8
Jaylon Smith ,LB,DAL,62,57,60,52,79,47,58,bye,0, , , , , , , , ,415,59.3
Austin Johnson ,DT,TEN,28,22,25,22,37,42,17,bye,0, , , , , , , , ,193,27.6
Shilique Calhoun ,LB,OAK,12,0,9,0,0,15,bye,0,0, , , , , , , , ,36,12.0
Reggie Ragland ,LB,KC,42,25,49,26,24,49,27,55,0, , , , , , , , ,297,37.1
Carl Nassib ,DE,TB,26,34,17,15,bye,23,63,61,0, , , , , , , , ,239,34.1
Jonathan Bullard ,DT,CHI,21,19,13,33,bye,22,22,7,0, , , , , , , , ,137,19.6
Eli Apple ,CB,NO,63,33,0,0,71,71,0,70,0, , , , , , , , ,308,61.6
Darron Lee ,LB,NYJ,64,57,77,68,77,69,69,66,0, , , , , , , , ,547,68.4
William Jackson ,CB,CIN,82,83,66,46,60,63,62,82,bye, , , , , , , , ,544,68.0
Andrew Billings ,DT,CIN,33,36,35,34,36,47,45,27,bye, , , , , , , , ,293,36.6
Jayron Kearse ,S,MIN,22,3,0,10,21,5,29,37,0, , , , , , , , ,127,15.9
Leonard Floyd ,LB,CHI,46,39,32,46,bye,61,45,47,0, , , , , , , , ,316,45.1
Adolphus Washington ,DT,CIN,32,0,0,0,17,0,29,35,bye, , , , , , , , ,113,28.3
Maliek Collins ,DT,DAL,24,31,0,0,0,13,24,bye,0, , , , , , , , ,92,23.0
Kenny Clark ,DT,GB,54,55,56,47,57,52,bye,63,0, , , , , , , , ,384,54.9
Artie Burns ,CB,PIT,88,58,25,52,41,29,bye,0,0, , , , , , , , ,293,41.9
Jarran Reed ,DT,SEA,59,51,50,49,60,32,bye,47,0, , , , , , , , ,348,49.7
Noah Spence ,DE,TB,4,0,0,0,bye,0,9,5,0, , , , , , , , ,18,6.0
Vonn Bell ,S,NO,30,40,54,49,51,bye,52,43,0, , , , , , , , ,319,45.6
Jordan Jenkins ,LB,NYJ,44,49,51,53,41,39,35,26,0, , , , , , , , ,338,42.3
Keanu Neal ,S,ATL,37,0,0,0,0,0,0,bye,0, , , , , , , , ,37,37.0
Jalen Mills ,S,PHI,67,58,55,71,62,63,58,23,bye, , , , , , , , ,457,57.1
Anthony Zettel ,DT,CLE,0,9,6,5,2,2,6,9,0, , , , , , , , ,39,5.6
Kentrell Brothers ,LB,MIN,0,0,0,0,0,0,2,0,0, , , , , , , , ,2,0.5
Xavien Howard ,CB,MIA,69,65,74,80,60,70,64,60,0, , , , , , , , ,542,67.8
James Bradberry ,CB,CAR,64,63,65,bye,56,70,66,68,0, , , , , , , , ,452,64.6
Rashard Robinson ,CB,NYJ,0,0,0,0,0,0,0,5,0, , , , , , , , ,5,1.7
Karl Joseph ,S,OAK,7,3,1,0,0,0,bye,31,0, , , , , , , , ,42,10.5
Yannick Ngakoue ,DE,JAC,56,40,42,46,45,44,44,44,bye, , , , , , , , ,361,45.1
Maurice Canady ,CB,BAL,10,0,0,0,0,0,0,0,0, , , , , , , , ,10,10.0
Sheldon Rankins ,DT,NO,42,50,52,35,36,bye,38,47,0, , , , , , , , ,300,42.9
Vernon Butler ,DT,CAR,25,22,30,bye,14,26,20,24,0, , , , , , , , ,161,23.0
Tyler Matakevich ,LB,PIT,0,0,0,0,41,2,bye,0,0, , , , , , , , ,43,6.1
Hassan Ridgeway ,DT,IND,0,12,0,0,0,13,20,0,bye, , , , , , , , ,45,15.0
Kyler Fackrell ,LB,GB,4,13,23,26,25,29,bye,28,0, , , , , , , , ,148,21.1
Sheldon Day ,DT,SF,17,20,19,24,15,45,25,22,0, , , , , , , , ,187,23.4
Deion Jones ,LB,ATL,69,0,0,0,0,0,0,bye,0, , , , , , , , ,69,69.0
Nick Vigil ,LB,CIN,82,85,67,70,45,13,0,0,bye, , , , , , , , ,362,60.3
Kamalei Correa ,LB,TEN,48,17,0,15,16,26,31,bye,0, , , , , , , , ,153,25.5
Blake Martinez ,LB,GB,70,73,61,58,62,57,bye,78,0, , , , , , , , ,459,65.6
Chris Jones ,DT,KC,59,56,50,48,30,56,37,47,0, , , , , , , , ,383,47.9
Erik Harris ,S,OAK,0,26,17,35,26,29,bye,51,0, , , , , , , , ,184,26.3
Javon Hargrave ,DT,PIT,25,17,24,27,17,21,bye,24,0, , , , , , , , ,155,22.1
Jihad Ward ,DT,IND,0,33,29,19,24,36,3,0,bye, , , , , , , , ,144,24.0
Sean Davis ,S,PIT,89,58,73,76,72,57,bye,64,0, , , , , , , , ,489,69.9
Cyrus Jones ,CB,BAL,0,0,7,3,0,0,1,2,0, , , , , , , , ,13,2.6
Adam Gotsis ,DE,DEN,21,28,32,36,29,26,28,20,0, , , , , , , , ,220,27.5
Kevin Byard ,S,TEN,62,67,57,78,65,76,44,bye,0, , , , , , , , ,449,64.1
KeiVarae Russell ,CB,CIN,0,0,0,0,0,0,6,15,bye, , , , , , , , ,21,10.5
Daryl Worley ,CB,OAK,0,0,0,0,49,63,bye,78,0, , , , , , , , ,190,63.3
Justin Simmons ,S,DEN,57,65,72,78,62,74,66,58,0, , , , , , , , ,532,66.5
Joe Schobert ,LB,CLE,84,66,63,92,87,33,0,0,0, , , , , , , , ,425,70.8
Tavon Young ,CB,BAL,49,43,52,57,57,28,51,25,0, , , , , , , , ,362,45.3
Eric Murray ,CB,KC,82,79,68,60,4,0,21,52,0, , , , , , , , ,366,52.3
BJ Goodson ,LB,NYG,33,30,27,11,22,38,30,59,bye, , , , , , , , ,250,31.3
Nick Kwiatkoski ,LB,CHI,47,9,0,14,bye,3,4,0,0, , , , , , , , ,77,11.0
De'Vondre Campbell ,LB,ATL,71,67,76,65,52,54,53,bye,0, , , , , , , , ,438,62.6
David Onyemata ,DT,NO,38,42,41,38,32,bye,41,35,0, , , , , , , , ,267,38.1
Deon Bush ,S,CHI,0,0,0,9,bye,1,1,0,0, , , , , , , , ,11,1.6
Antonio Morrison ,LB,GB,11,22,23,10,18,3,bye,0,0, , , , , , , , ,87,12.4
Deiondre' Hall ,CB,PHI,0,0,0,0,0,1,0,0,bye, , , , , , , , ,1,0.1
Derrick Kindred ,S,CLE,62,41,30,55,18,21,34,38,0, , , , , , , , ,299,37.4
Willie Henry ,DT,BAL,0,0,0,0,39,23,20,0,0, , , , , , , , ,82,27.3
Dean Lowry ,DE,GB,15,18,24,36,42,49,bye,38,0, , , , , , , , ,222,31.7
Justin Zimmer ,DT,ATL,0,0,9,0,0,0,0,bye,0, , , , , , , , ,9,9.0
Jordan Lucas ,S,KC,0,0,0,0,56,78,48,24,0, , , , , , , , ,206,25.8
Jonathan Jones ,CB,NE,38,56,55,42,65,31,49,25,0, , , , , , , , ,361,45.1
Cre'von LeBlanc ,CB,PHI,0,0,0,0,26,0,0,3,bye, , , , , , , , ,29,9.7
Elandon Roberts ,LB,NE,20,16,36,28,41,25,47,35,0, , , , , , , , ,248,31.0
Kamu Grugier-Hill ,LB,PHI,28,22,9,18,20,15,9,6,bye, , , , , , , , ,127,15.9
Clayton Fejedelem ,S,CIN,69,16,3,3,2,33,0,5,bye, , , , , , , , ,131,16.4
Matt Judon ,LB,BAL,36,46,47,38,53,27,47,39,0, , , , , , , , ,333,41.6
Trevor Bates ,LB,DET,0,0,0,0,0,bye,0,2,0, , , , , , , , ,2,1.0
Jonathan Woodard ,DE,MIA,0,0,0,37,25,12,0,29,0, , , , , , , , ,103,25.8
Briean Boddy-Calhoun ,CB,CLE,62,5,0,33,1,0,95,55,0, , , , , , , , ,251,31.4
Mike Hilton ,CB,PIT,60,42,35,0,55,47,bye,43,0, , , , , , , , ,282,47.0
Jarrod Wilson ,S,JAC,5,2,2,0,15,2,1,4,bye, , , , , , , , ,31,3.9
D.J. Reader ,DT,HOU,52,49,39,42,42,39,32,39,0, , , , , , , , ,334,41.8
Joel Heath ,DT,HOU,0,10,0,19,5,10,0,0,0, , , , , , , , ,44,8.8
LeShaun Sims ,CB,TEN,8,1,23,3,0,1,0,bye,0, , , , , , , , ,36,5.1
Will Parks ,S,DEN,23,14,37,17,25,13,60,58,0, , , , , , , , ,247,30.9
Trevor Williams ,CB,LAC,56,60,75,59,38,59,62,bye,0, , , , , , , , ,409,58.4
Chris Landrum ,LB,LAC,12,21,24,15,10,14,8,bye,0, , , , , , , , ,104,14.9
Jatavis Brown ,LB,LAC,14,23,19,59,23,0,37,bye,0, , , , , , , , ,175,29.2
Anthony Brown ,CB,DAL,37,50,57,45,67,48,48,bye,0, , , , , , , , ,352,50.3
Kavon Frazier ,S,DAL,67,68,17,6,1,1,19,bye,0, , , , , , , , ,179,25.6
Blake Countess ,CB,LAR,0,10,0,0,0,0,11,0,0, , , , , , , , ,21,2.6
Romeo Okwara ,DE,DET,0,31,40,57,73,bye,42,55,0, , , , , , , , ,298,49.7
Matt Ioannidis ,DT,WAS,27,37,18,bye,31,32,36,49,0, , , , , , , , ,230,32.9
Roy Robertson-Harris ,DT,CHI,22,25,18,32,bye,23,16,16,0, , , , , , , , ,152,21.7
DeAndre Houston-Carson ,S,CHI,0,0,0,7,bye,0,0,0,0, , , , , , , , ,7,1.8
Stephen Weatherly ,DT,MIN,14,18,51,45,54,51,62,25,0, , , , , , , , ,320,40.0
Ryan Smith ,CB,TB,44,71,0,19,bye,59,2,0,0, , , , , , , , ,195,27.9
Devante Bond ,LB,TB,0,0,0,0,bye,0,6,11,0, , , , , , , , ,17,8.5
Ken Crawley ,CB,NO,64,61,42,62,59,bye,60,0,0, , , , , , , , ,348,58.0
Ronald Blair ,DE,SF,24,41,28,31,14,42,29,38,0, , , , , , , , ,247,30.9
Marqui Christian ,S,LAR,39,30,17,35,11,26,19,11,0, , , , , , , , ,188,23.5
Quinton Jefferson ,DT,SEA,48,38,38,37,39,35,bye,37,0, , , , , , , , ,272,38.9
Eric Lee ,LB,DET,0,0,0,19,8,bye,14,8,0, , , , , , , , ,49,12.3
Tony McRae ,CB,CIN,1,11,0,17,5,20,28,0,bye, , , , , , , , ,82,10.3
Lafayette Pitts ,CB,BUF,3,27,12,9,0,0,0,0,0, , , , , , , , ,51,6.4
Doug Middleton ,S,NYJ,70,55,77,0,0,0,29,0,0, , , , , , , , ,231,33.0
Trevon Coley ,DT,CLE,42,50,54,56,38,38,42,33,0, , , , , , , , ,353,44.1
Patrick Onwuasor ,LB,BAL,26,75,36,6,16,16,28,27,0, , , , , , , , ,230,28.8
Michael Pierce ,DT,BAL,26,29,0,16,0,14,35,38,0, , , , , , , , ,158,26.3
Chris Milton ,CB,IND,0,0,0,31,24,0,0,0,bye, , , , , , , , ,55,7.9
Brennan Scarlett ,LB,HOU,0,22,0,4,0,1,1,8,0, , , , , , , , ,36,4.5
Eddie Yarbrough ,DE,BUF,39,22,28,19,17,22,32,33,0, , , , , , , , ,212,26.5
Kenneth Durden ,CB,TEN,0,0,3,0,0,0,0,bye,0, , , , , , , , ,3,1.0
Branden Jackson ,DE,SEA,0,0,0,33,29,39,bye,27,0, , , , , , , , ,128,32.0
Andrew Adams ,S,TB,0,0,0,0,bye,4,2,13,0, , , , , , , , ,19,4.8
Josh Hawkins ,CB,CAR,0,0,0,bye,0,6,0,0,0, , , , , , , , ,6,1.2
Kentrell Brice ,S,GB,70,73,61,58,61,57,bye,66,0, , , , , , , , ,446,63.7
Reggie Gilbert ,LB,GB,37,34,24,25,31,23,bye,34,0, , , , , , , , ,208,29.7
Isaiah Johnson ,S,TB,0,1,3,60,bye,0,44,14,0, , , , , , , , ,122,17.4
Brian Poole ,S,ATL,63,59,70,56,37,58,45,bye,0, , , , , , , , ,388,55.4
Sharrod Neasman ,S,ATL,0,0,0,0,14,0,40,bye,0, , , , , , , , ,54,18.0
Mitchell Loewen ,DE,NO,0,4,0,0,0,bye,0,0,0, , , , , , , , ,4,4.0
Matthias Farley ,S,IND,23,29,9,45,45,0,0,0,bye, , , , , , , , ,151,30.2
Cory Littleton ,LB,LAR,74,34,52,74,60,66,44,52,0, , , , , , , , ,456,57.0
Nicholas Grigsby ,LB,NE,1,0,3,11,5,0,0,8,0, , , , , , , , ,28,3.5
Tyvis Powell ,S,SF,0,0,0,0,0,0,4,21,0, , , , , , , , ,25,6.3
Javien Elliott ,CB,TB,0,1,0,0,bye,2,0,0,0, , , , , , , , ,3,0.5
Myles Garrett ,DE,CLE,84,65,57,87,77,50,83,62,0, , , , , , , , ,565,70.6
Jonathan Allen ,DT,WAS,28,43,65,bye,55,49,54,48,0, , , , , , , , ,342,48.9
Solomon Thomas ,DE,SF,35,36,43,49,36,26,39,35,0, , , , , , , , ,299,37.4
Malik Hooker ,S,IND,41,74,82,86,69,71,49,0,bye, , , , , , , , ,472,67.4
Reuben Foster ,LB,SF,0,0,74,68,51,71,51,22,0, , , , , , , , ,337,56.2
Marshon Lattimore ,CB,NO,65,61,68,62,6,bye,68,70,0, , , , , , , , ,400,57.1
Jabrill Peppers ,S,CLE,35,36,40,37,48,33,66,40,0, , , , , , , , ,335,41.9
Teez Tabor ,CB,DET,2,50,0,4,32,bye,54,40,0, , , , , , , , ,182,26.0
Derek Barnett ,DE,PHI,40,35,38,53,0,31,37,0,bye, , , , , , , , ,234,39.0
Zach Cunningham ,LB,HOU,47,42,45,91,62,62,68,16,0, , , , , , , , ,433,54.1
Marlon Humphrey ,CB,BAL,54,76,68,62,58,29,0,0,0, , , , , , , , ,347,57.8
Sidney Jones ,CB,PHI,45,31,46,47,40,8,0,0,bye, , , , , , , , ,217,36.2
Takkarist McKinley ,LB,ATL,47,36,0,49,36,51,44,bye,0, , , , , , , , ,263,43.8
Tim Williams ,LB,BAL,23,10,24,19,0,22,9,12,0, , , , , , , , ,119,17.0
Taco Charlton ,DE,DAL,49,57,41,32,48,24,20,bye,0, , , , , , , , ,271,38.7
Haason Reddick ,LB,ARI,14,3,4,9,98,71,59,66,bye, , , , , , , , ,324,40.5
Charles Harris ,DE,MIA,23,22,34,34,42,0,0,0,0, , , , , , , , ,155,31.0
Caleb Brantley ,DT,WAS,0,0,0,bye,0,0,0,3,0, , , , , , , , ,3,1.5
Chris Wormley ,DT,BAL,37,36,35,27,18,14,20,41,0, , , , , , , , ,228,28.5
Jarrad Davis ,LB,DET,58,64,48,69,77,bye,51,63,0, , , , , , , , ,430,61.4
T.J. Watt ,LB,PIT,85,53,66,70,52,51,bye,53,0, , , , , , , , ,430,61.4
Tyus Bowser ,LB,BAL,20,9,12,5,13,0,0,13,0, , , , , , , , ,72,10.3
Gareon Conley ,CB,OAK,57,64,31,55,12,0,bye,76,0, , , , , , , , ,295,42.1
Adoree' Jackson ,CB,TEN,48,64,23,77,45,74,44,bye,0, , , , , , , , ,375,53.6
Kevin King ,CB,GB,70,26,0,0,51,57,bye,76,0, , , , , , , , ,280,56.0
Ahkello Witherspoon ,CB,SF,71,64,40,51,29,0,57,65,0, , , , , , , , ,377,47.1
Tre'Davious White ,CB,BUF,77,56,66,76,54,61,58,75,0, , , , , , , , ,523,65.4
Matt Milano ,LB,BUF,76,42,47,55,53,61,65,75,0, , , , , , , , ,474,59.3
Davon Godchaux ,DT,MIA,29,34,51,57,41,49,47,49,0, , , , , , , , ,357,44.6
Cordrea Tankersley ,CB,MIA,0,0,0,0,0,29,0,0,0, , , , , , , , ,29,4.8
Raekwon McMillan ,LB,MIA,61,65,60,54,43,39,54,53,0, , , , , , , , ,429,53.6
Vincent Taylor ,DT,MIA,18,23,43,27,29,30,23,11,0, , , , , , , , ,204,25.5
Marcus Maye ,S,NYJ,0,0,0,77,77,43,0,66,0, , , , , , , , ,263,65.8
Austin Calitro ,LB,SEA,33,66,8,1,4,14,bye,0,0, , , , , , , , ,126,18.0
Derek Rivers ,DE,NE,0,0,13,0,0,4,24,17,0, , , , , , , , ,58,14.5
Deatrich Wise ,DE,NE,23,54,30,19,41,16,10,31,0, , , , , , , , ,224,28.0
Ryan Glasgow ,DT,CIN,40,28,24,0,0,0,0,0,bye, , , , , , , , ,92,30.7
Carl Lawson ,LB,CIN,42,53,20,32,31,22,25,0,bye, , , , , , , , ,225,32.1
Hardy Nickerson ,LB,CIN,36,84,56,24,8,5,13,15,bye, , , , , , , , ,241,30.1
Jordan Willis ,LB,CIN,39,49,48,29,31,28,26,66,bye, , , , , , , , ,316,39.5
Jordan Evans ,LB,CIN,31,20,41,29,11,24,54,86,bye, , , , , , , , ,296,37.0
Larry Ogunjobi ,DT,CLE,79,58,60,79,76,48,85,60,0, , , , , , , , ,545,68.1
Chuck Clark ,S,BAL,26,13,8,7,9,5,0,6,0, , , , , , , , ,74,9.3
Cameron Sutton ,CB,PIT,33,29,20,55,29,28,bye,15,0, , , , , , , , ,209,29.9
Nate Hairston ,CB,IND,55,74,82,86,0,71,27,9,bye, , , , , , , , ,404,57.7
Quincy Wilson ,CB,IND,40,13,0,0,0,11,39,11,bye, , , , , , , , ,114,22.8
Anthony Walker ,LB,IND,23,39,73,72,14,60,43,41,bye, , , , , , , , ,365,45.6
Grover Stewart ,DT,IND,22,13,22,0,33,39,17,17,bye, , , , , , , , ,163,23.3
Tarell Basham ,DE,NYJ,9,0,0,0,0,0,8,25,0, , , , , , , , ,42,14.0
Blair Brown ,LB,JAC,0,0,0,0,0,0,0,4,bye, , , , , , , , ,4,0.5
Carroll Phillips ,LB,IND,0,0,0,4,19,15,14,0,bye, , , , , , , , ,52,10.4
Dylan Cole ,LB,HOU,33,23,19,0,0,0,0,0,0, , , , , , , , ,75,25.0
Carlos Watkins ,DT,HOU,0,0,0,0,0,0,0,5,0, , , , , , , , ,5,5.0
Jayon Brown ,LB,TEN,44,46,38,76,65,76,32,bye,0, , , , , , , , ,377,53.9
DeMarcus Walker ,DE,DEN,0,0,0,0,0,0,10,2,0, , , , , , , , ,12,6.0
Isaac Rochell ,DE,LAC,51,40,56,27,27,40,29,bye,0, , , , , , , , ,270,38.6
Desmond King ,CB,LAC,43,45,77,26,42,63,47,bye,0, , , , , , , , ,343,49.0
Rayshawn Jenkins ,S,LAC,0,10,0,1,2,25,8,bye,0, , , , , , , , ,46,6.6
Tanoh Kpassagnon ,DE,KC,10,11,4,18,33,0,0,8,0, , , , , , , , ,84,12.0
Marquel Lee ,LB,OAK,24,25,28,64,48,49,bye,43,0, , , , , , , , ,281,40.1
Treyvon Hester ,DT,PHI,0,0,0,0,11,15,34,15,bye, , , , , , , , ,75,18.8
Fadol Brown ,DE,OAK,17,0,14,29,32,21,bye,23,0, , , , , , , , ,136,22.7
Jourdan Lewis ,CB,DAL,0,1,0,1,33,40,12,bye,0, , , , , , , , ,87,14.5
Chidobe Awuzie ,CB,DAL,66,68,69,54,36,0,22,bye,0, , , , , , , , ,315,52.5
Xavier Woods ,S,DAL,0,0,66,54,79,47,60,bye,0, , , , , , , , ,306,61.2
Rasul Douglas ,CB,PHI,2,1,4,0,3,42,0,42,bye, , , , , , , , ,94,11.8
Nathan Gerry ,S,PHI,26,4,0,1,0,0,0,0,bye, , , , , , , , ,31,6.2
Dalvin Tomlinson ,DT,NYG,46,40,31,37,38,40,32,42,bye, , , , , , , , ,306,38.3
Fabian Moreau ,CB,WAS,46,39,58,bye,44,52,58,54,0, , , , , , , , ,351,50.1
Montae Nicholson ,S,WAS,53,61,69,bye,61,60,66,70,0, , , , , , , , ,440,62.9
Josh Harvey-Clemons ,S,WAS,17,10,19,bye,8,14,31,27,0, , , , , , , , ,126,18.0
Ryan Anderson ,LB,WAS,16,14,5,bye,11,13,16,6,0, , , , , , , , ,81,11.6
Eddie Jackson ,S,CHI,60,66,50,54,bye,78,61,54,0, , , , , , , , ,423,60.4
Jamal Agnew ,CB,DET,23,17,22,44,11,bye,0,0,0, , , , , , , , ,117,23.4
Jalen Reeves-Maybin ,LB,DET,26,3,11,14,32,bye,8,11,0, , , , , , , , ,105,15.0
Josh Jones ,S,GB,0,0,0,0,4,0,bye,0,0, , , , , , , , ,4,1.0
Montravious Adams ,DT,GB,2,6,5,5,1,2,bye,5,0, , , , , , , , ,26,3.7
Tashawn Bower ,DE,MIN,9,0,22,14,0,0,5,0,0, , , , , , , , ,50,12.5
Ifeadi Odenigbo ,DE,MIN,0,0,0,0,7,0,0,0,0, , , , , , , , ,7,7.0
Jaleel Johnson ,DT,MIN,22,18,12,13,17,16,30,7,0, , , , , , , , ,135,16.9
Eric Wilson ,LB,MIN,2,0,4,1,4,3,23,26,0, , , , , , , , ,63,7.9
Ben Gedeon ,LB,MIN,29,6,27,2,5,10,12,33,0, , , , , , , , ,124,15.5
Elijah Lee ,CB,SF,10,72,1,0,0,0,10,23,0, , , , , , , , ,116,14.5
Justin Evans ,S,TB,63,79,66,60,bye,67,68,66,0, , , , , , , , ,469,67.0
Damontae Kazee ,S,ATL,35,14,72,73,61,66,62,bye,0, , , , , , , , ,383,54.7
Duke Riley ,LB,ATL,9,58,63,55,51,28,26,bye,0, , , , , , , , ,290,41.4
Corn Elder ,CB,CAR,0,20,0,bye,0,0,0,0,0, , , , , , , , ,20,5.0
Bryan Cox ,DE,CAR,26,0,23,bye,0,0,0,22,0, , , , , , , , ,71,23.7
Al-Quadin Muhammad ,DE,IND,20,46,58,18,0,32,18,2,bye, , , , , , , , ,194,27.7
Marcus Williams ,S,NO,66,62,68,62,61,bye,44,73,0, , , , , , , , ,436,62.3
Arthur Maulet ,CB,IND,0,0,0,0,45,0,0,28,bye, , , , , , , , ,73,18.3
Trey Hendrickson ,DE,NO,14,0,0,0,0,bye,0,0,0, , , , , , , , ,14,14.0
Alex Anzalone ,LB,NO,34,23,13,33,20,bye,21,28,0, , , , , , , , ,172,24.6
Adrian Colbert ,S,SF,71,77,25,0,51,62,34,0,0, , , , , , , , ,320,45.7
D.J. Jones ,DT,SF,19,13,22,17,0,0,0,0,0, , , , , , , , ,71,17.8
Johnathan Ford ,S,ARI,2,0,0,0,0,6,52,2,bye, , , , , , , , ,62,8.9
Budda Baker ,S,ARI,78,72,73,65,95,71,58,66,bye, , , , , , , , ,578,72.3
Samson Ebukam ,LB,LAR,57,31,47,59,48,55,47,40,0, , , , , , , , ,384,48.0
John Johnson ,S,LAR,74,35,52,74,60,66,48,52,0, , , , , , , , ,461,57.6
Tanzel Smart ,DT,LAR,0,0,0,0,0,0,0,5,0, , , , , , , , ,5,5.0
Tedric Thompson ,S,SEA,10,13,12,23,65,60,bye,58,0, , , , , , , , ,241,34.4
Delano Hill ,S,SEA,13,0,0,1,2,5,bye,12,0, , , , , , , , ,33,6.6
Nazair Jones ,DT,SEA,0,12,6,8,0,26,bye,0,0, , , , , , , , ,52,13.0
Mike Tyson ,S,HOU,0,0,0,0,0,0,20,61,0, , , , , , , , ,81,27.0
Cameron Malveaux ,DE,MIA,0,0,0,0,19,32,27,0,0, , , , , , , , ,78,26.0
Chase Allen ,LB,MIA,2,7,10,0,0,0,0,0,0, , , , , , , , ,19,3.8
Torry McTyer ,CB,MIA,6,1,35,52,57,40,0,0,0, , , , , , , , ,191,27.3
Adam Butler ,DT,NE,24,16,28,22,37,21,23,20,0, , , , , , , , ,191,23.9
Kenny Moore ,CB,IND,55,74,82,30,0,70,55,49,bye, , , , , , , , ,415,59.3
Josh Tupou ,DT,CIN,0,0,20,12,0,30,0,13,bye, , , , , , , , ,75,18.8
Daniel Ross ,DE,DAL,16,22,19,23,16,10,0,bye,0, , , , , , , , ,106,17.7
Michael Davis ,CB,LAC,0,0,2,0,14,22,8,bye,0, , , , , , , , ,46,6.6
Xavier Woodson-Luster ,LB,CLE,0,0,0,0,0,0,1,0,0, , , , , , , , ,1,1.0
Nicholas Morrow ,S,OAK,0,0,2,1,3,1,bye,20,0, , , , , , , , ,27,3.9
Tre Sullivan ,CB,PHI,0,0,0,0,0,3,3,2,bye, , , , , , , , ,8,2.0
Isaiah Irving ,LB,CHI,0,0,0,0,bye,0,0,9,0, , , , , , , , ,9,2.3
Lenzy Pipkins ,CB,DET,0,0,0,0,53,bye,0,0,0, , , , , , , , ,53,53.0
Devaroe Lawrence ,DT,CLE,2,0,0,0,0,0,0,0,0, , , , , , , , ,2,2.0
Ryan Lewis ,CB,BUF,0,0,54,67,16,0,0,0,0, , , , , , , , ,137,34.3
Greg Mabin ,CB,SF,0,0,0,29,24,14,49,0,0, , , , , , , , ,116,19.3
Patrick Ricard ,DT,BAL,11,5,8,1,11,0,0,11,0, , , , , , , , ,47,6.7
Dominique Hatfield ,CB,LAR,0,0,0,0,0,0,6,0,0, , , , , , , , ,6,1.2
Keionta Davis ,DE,NE,35,53,17,0,0,0,0,22,0, , , , , , , , ,127,31.8
Bradley Chubb ,LB,DEN,54,48,50,57,42,53,58,52,0, , , , , , , , ,414,51.8
Minkah Fitzpatrick ,CB,MIA,44,42,74,81,41,56,37,33,0, , , , , , , , ,408,51.0
Arden Key ,DE,OAK,32,42,19,49,49,48,bye,37,0, , , , , , , , ,276,39.4
Da'Ron Payne ,DT,WAS,30,39,64,bye,51,47,54,52,0, , , , , , , , ,337,48.1
Derwin James ,S,LAC,56,59,77,59,52,74,70,bye,0, , , , , , , , ,447,63.9
Roquan Smith ,LB,CHI,8,59,41,51,bye,72,34,51,0, , , , , , , , ,316,45.1
Sam Hubbard ,DE,CIN,7,50,28,40,28,27,20,54,bye, , , , , , , , ,254,31.8
Denzel Ward ,CB,CLE,84,64,62,92,87,60,91,71,0, , , , , , , , ,611,76.4
Dorance Armstrong Jr. ,DE,DAL,19,27,19,14,29,21,8,bye,0, , , , , , , , ,137,19.6
Marcus Davenport ,DE,NO,23,23,34,30,35,bye,31,37,0, , , , , , , , ,213,30.4
Carlton Davis ,CB,TB,56,77,63,49,bye,0,65,66,0, , , , , , , , ,376,62.7
Ronnie Harrison ,S,JAC,17,32,17,4,25,20,40,25,bye, , , , , , , , ,180,22.5
Justin Reid ,S,HOU,24,59,21,44,56,62,68,66,0, , , , , , , , ,400,50.0
Vita Vea ,DT,TB,0,0,0,33,bye,28,38,47,0, , , , , , , , ,146,36.5
Rashaan Evans ,LB,TEN,0,0,18,60,48,59,18,bye,0, , , , , , , , ,203,33.8
Taven Bryan ,DT,JAC,13,16,19,9,18,22,11,13,bye, , , , , , , , ,121,15.1
Harold Landry ,LB,TEN,0,35,27,48,30,44,23,bye,0, , , , , , , , ,207,34.5
Isaiah Oliver ,CB,ATL,0,0,11,63,10,0,4,bye,0, , , , , , , , ,88,17.6
Jaire Alexander ,CB,GB,49,56,57,37,0,0,bye,78,0, , , , , , , , ,277,55.4
Mike Hughes ,CB,MIN,52,21,53,46,59,12,0,0,0, , , , , , , , ,243,40.5
Lorenzo Carter ,LB,NYG,24,21,21,37,32,22,24,39,bye, , , , , , , , ,220,27.5
Duke Ejiofor ,DE,HOU,0,15,9,32,11,18,26,18,0, , , , , , , , ,129,18.4
Josey Jewell ,LB,DEN,7,14,38,25,25,20,7,37,0, , , , , , , , ,173,21.6
Tremaine Edmunds ,LB,BUF,80,56,66,76,54,61,66,44,0, , , , , , , , ,503,62.9
Harrison Phillips ,DT,BUF,41,18,23,25,24,22,31,30,0, , , , , , , , ,214,26.8
Da'Shawn Hand ,DT,DET,32,38,22,47,62,bye,41,47,0, , , , , , , , ,289,41.3
Tim Settle ,DT,WAS,8,6,0,bye,8,0,1,4,0, , , , , , , , ,27,3.9
Leighton Vander Esch ,LB,DAL,17,28,33,50,80,47,21,bye,0, , , , , , , , ,276,39.4
Jerome Baker ,LB,MIA,30,15,47,65,34,44,31,36,0, , , , , , , , ,302,37.8
Rasheem Green ,DE,SEA,46,27,29,0,0,0,bye,0,0, , , , , , , , ,102,34.0
Derrick Nnadi ,DT,KC,18,19,18,11,40,39,22,36,0, , , , , , , , ,203,25.4
Kyzir White ,LB,LAC,44,38,60,0,0,0,0,bye,0, , , , , , , , ,142,47.3
Josh Sweat ,DE,PHI,0,0,0,0,8,7,0,4,bye, , , , , , , , ,19,4.8
Holton Hill ,CB,MIN,4,0,1,12,3,0,18,53,0, , , , , , , , ,91,11.4
Terrell Edmunds ,S,PIT,74,32,74,76,72,61,bye,64,0, , , , , , , , ,453,64.7
D.J. Reed ,CB,SF,0,0,51,68,0,21,30,0,0, , , , , , , , ,170,21.3
Matthew Thomas ,LB,PIT,0,0,0,0,4,0,bye,0,0, , , , , , , , ,4,0.6
Darius Phillips ,CB,CIN,0,0,0,0,0,4,15,71,bye, , , , , , , , ,90,12.9
Marquis Haynes ,LB,CAR,0,15,0,bye,0,0,0,0,0, , , , , , , , ,15,15.0
Poona Ford ,DT,SEA,0,15,0,17,17,21,bye,14,0, , , , , , , , ,84,16.8
Anthony Averett ,CB,BAL,17,0,0,0,0,0,0,2,0, , , , , , , , ,19,6.3
Darius Leonard ,LB,IND,56,74,82,85,0,71,52,50,bye, , , , , , , , ,470,67.1
Skai Moore ,LB,IND,27,6,0,0,0,0,0,0,bye, , , , , , , , ,33,8.3
Nick Nelson ,CB,OAK,0,0,0,0,0,0,bye,21,0, , , , , , , , ,21,21.0
Chad Thomas ,DE,CLE,0,10,4,5,0,0,0,3,0, , , , , , , , ,22,5.5
B.J. Hill ,DT,NYG,23,21,14,24,32,32,37,42,bye, , , , , , , , ,225,28.1
Armani Watts ,S,KC,3,16,8,12,23,0,0,0,0, , , , , , , , ,62,12.4
Jordan Whitehead ,S,TB,1,36,55,0,bye,67,23,52,0, , , , , , , , ,234,39.0
Brandon Facyson ,CB,LAC,0,0,0,0,0,2,0,bye,0, , , , , , , , ,2,0.3
Dorian O'Daniel ,LB,KC,0,1,0,2,7,0,24,28,0, , , , , , , , ,62,7.8
Jason Cabinda ,LB,OAK,0,0,0,0,0,0,bye,17,0, , , , , , , , ,17,17.0
Taron Johnson ,CB,BUF,0,0,45,70,27,40,36,46,0, , , , , , , , ,264,37.7
J.C. Jackson ,CB,NE,0,0,12,12,5,0,31,19,0, , , , , , , , ,79,15.8
P.J. Hall ,DT,OAK,32,0,0,19,30,34,bye,45,0, , , , , , , , ,160,32.0
Uchenna Nwosu ,LB,LAC,2,16,19,12,6,11,4,bye,0, , , , , , , , ,70,10.0
Dee Delaney ,CB,JAC,0,0,0,0,0,0,0,1,bye, , , , , , , , ,1,1.0
Tony Brown ,CB,GB,0,0,0,3,7,0,bye,0,0, , , , , , , , ,10,3.3
Quenton Meeks ,CB,JAC,0,0,0,0,1,1,0,45,bye, , , , , , , , ,47,11.8
Deadrin Senat ,DT,ATL,20,25,29,30,36,25,13,bye,0, , , , , , , , ,178,25.4
Greg Stroman ,CB,WAS,11,0,1,bye,5,0,54,68,0, , , , , , , , ,139,19.9
Kenny Young ,LB,BAL,23,58,44,24,20,15,18,25,0, , , , , , , , ,227,28.4
Breeland Speaks ,DE,KC,19,20,6,16,56,76,56,67,0, , , , , , , , ,316,39.5
M.J. Stewart ,CB,TB,19,67,43,34,bye,39,53,44,0, , , , , , , , ,299,42.7
Kemoko Turay ,LB,IND,22,41,40,31,38,49,40,23,bye, , , , , , , , ,284,35.5
Leon Jacobs ,LB,JAC,11,0,11,8,3,10,11,19,bye, , , , , , , , ,73,10.4
Donte Jackson ,CB,CAR,64,43,61,bye,56,62,66,68,0, , , , , , , , ,420,60.0
Nathan Shepherd ,DT,NYJ,32,22,28,39,23,15,24,25,0, , , , , , , , ,208,26.0
Fred Warner ,LB,SF,71,77,75,68,51,71,61,66,0, , , , , , , , ,540,67.5
Siran Neal ,CB,BUF,3,2,0,2,0,0,4,0,0, , , , , , , , ,11,1.4
Parry Nickerson ,CB,NYJ,3,0,42,0,52,58,53,0,0, , , , , , , , ,208,26.0
Keion Crossen ,CB,NE,0,0,1,0,5,0,1,0,0, , , , , , , , ,7,1.2
Ja'Whaun Bentley ,LB,NE,51,30,57,0,0,0,0,0,0, , , , , , , , ,138,46.0
Jessie Bates III ,S,CIN,82,84,66,70,58,69,70,88,bye, , , , , , , , ,587,73.4
Genard Avery ,LB,CLE,43,21,36,42,32,23,74,52,0, , , , , , , , ,323,40.4
Zach Sieler ,DE,BAL,0,0,11,0,0,0,0,0,0, , , , , , , , ,11,11.0
Matthew Adams ,LB,IND,0,0,0,0,14,14,12,8,bye, , , , , , , , ,48,6.0
Zaire Franklin ,LB,IND,9,3,13,5,69,9,8,10,bye, , , , , , , , ,126,15.8
Peter Kalambayi ,LB,HOU,0,0,0,2,3,0,0,17,0, , , , , , , , ,22,3.1
Dane Cruikshank ,CB,TEN,0,1,3,5,0,25,0,bye,0, , , , , , , , ,34,4.9
Isaac Yiadom ,CB,DEN,0,0,31,5,18,8,8,0,0, , , , , , , , ,70,11.7
Maurice Hurst Jr. ,DT,OAK,42,37,28,49,35,42,bye,46,0, , , , , , , , ,279,39.9
Avonte Maddox ,CB,PHI,0,0,0,20,62,65,58,64,bye, , , , , , , , ,269,33.6
Kylie Fitts ,DE,CHI,0,0,0,0,bye,0,0,7,0, , , , , , , , ,7,7.0
Bilal Nichols ,DT,CHI,0,11,6,33,bye,15,35,20,0, , , , , , , , ,120,20.0
Joel Iyiegbuniwe ,LB,CHI,0,0,0,3,bye,0,0,0,0, , , , , , , , ,3,0.4
Tracy Walker ,S,DET,1,10,13,27,12,bye,18,1,0, , , , , , , , ,82,11.7
Oren Burks ,LB,GB,0,0,8,20,25,28,bye,8,0, , , , , , , , ,89,17.8
Josh Jackson ,CB,GB,46,34,38,49,47,21,bye,2,0, , , , , , , , ,237,33.9
Jalyn Holmes ,DT,MIN,0,0,0,0,9,15,18,0,0, , , , , , , , ,42,14.0
Jack Cichy ,LB,TB,0,0,0,2,bye,0,4,0,0, , , , , , , , ,6,1.0
Foyesade Oluokun ,LB,ATL,4,15,19,22,33,40,38,bye,0, , , , , , , , ,171,24.4
Jermaine Carter ,LB,CAR,0,0,3,bye,11,0,2,3,0, , , , , , , , ,19,2.7
Rashaan Gaulden ,CB,CAR,0,28,22,bye,8,13,12,0,0, , , , , , , , ,83,13.8
Natrell Jamerson ,S,HOU,0,0,0,0,0,0,0,56,0, , , , , , , , ,56,7.0
Tarvarius Moore ,S,SF,0,0,5,0,0,0,12,1,0, , , , , , , , ,18,2.3
Justin Lawler ,DE,LAR,1,1,0,0,1,12,3,0,0, , , , , , , , ,18,2.3
Tre Flowers ,S,SEA,72,0,59,59,66,47,bye,59,0, , , , , , , , ,362,60.3
Jake Martin ,LB,SEA,6,7,3,10,4,28,bye,19,0, , , , , , , , ,77,11.0
Chris Board ,S,BAL,10,0,0,0,0,0,0,2,0, , , , , , , , ,12,1.5
James Crawford ,LB,GB,0,0,0,1,0,0,bye,0,0, , , , , , , , ,1,0.1
Tre Herndon ,CB,JAC,0,0,2,0,0,0,0,32,bye, , , , , , , , ,34,6.8
Matt Dickerson ,DE,TEN,0,0,8,0,0,6,0,bye,0, , , , , , , , ,14,7.0
Ben Niemann ,LB,KC,0,0,0,0,0,0,9,2,0, , , , , , , , ,11,1.8
Charvarius Ward ,CB,KC,0,0,0,0,0,0,9,0,0, , , , , , , , ,9,1.8
Grant Haley ,CB,NYG,0,0,0,0,0,0,4,39,bye, , , , , , , , ,43,21.5
Kevin Toliver II ,CB,CHI,0,0,22,49,bye,25,0,0,0, , , , , , , , ,96,16.0
Tyler Lancaster ,DT,GB,0,0,0,0,0,3,bye,8,0, , , , , , , , ,11,3.7
Taylor Stallworth ,DT,NO,0,26,27,21,22,bye,0,28,0, , , , , , , , ,124,24.8
Frankie Luvu ,LB,NYJ,35,33,31,0,28,26,21,9,0, , , , , , , , ,183,26.1
Sharif Finch ,LB,TEN,14,4,12,8,3,23,11,bye,0, , , , , , , , ,75,10.7
Bruce Hector ,DT,PHI,7,3,2,6,0,0,21,12,bye, , , , , , , , ,51,8.5
Sean Chandler ,CB,NYG,0,0,1,0,0,0,0,18,bye, , , , , , , , ,19,2.4
Danny Johnson ,CB,WAS,0,0,0,bye,0,0,3,0,0, , , , , , , , ,3,0.4
